{"format_version":"1.8.0","animations":{"animation.ko_an.crocodile.idle":{"loop":true,"animation_length":2,"bones":{"all":{"position":[0,-0.8,0]},"head":{"rotation":{"0.0":[0,0,0],"0.3333":[2.5,0,0],"1.2917":[-2.5,0,0],"2.0":[0,0,0]}},"bone2":{"rotation":[0,0,0]},"bone8":{"rotation":{"0.0":[0,0,0],"1.2083":[3,0,0],"2.0":[0,0,0]}},"bone9":{"rotation":{"0.0":[0,-5,0],"1.0":[0,2.5,0],"2.0":[0,-5,0]}},"bone10":{"rotation":{"0.0":[0,-5,0],"0.25":[0,-6,0],"1.2917":[0,2,0],"2.0":[0,-5,0]}},"bone11":{"rotation":{"0.0":[0,-5,0],"0.5":[0,-8,0],"1.5":[0,6,0],"2.0":[0,-5,0]}},"bone12":{"rotation":{"0.0":[0,-7.5,0],"0.6667":[0,-12.5,0],"1.7083":[0,16.5,0],"2.0":[0,-7.5,0]}},"left_leg":{"position":[0,0,0]},"right_leg":{"position":[0,0,0]},"left_leg2":{"position":[0,0,0]},"right_leg2":{"position":[0,0,0]},"body":{"position":{"0.0":[0,0,0],"1.0":[0,0.6,0],"2.0":[0,0,0]}}}},"animation.ko_an.crocodile.walk":{"loop":true,"animation_length":1,"bones":{"all":{"position":{"0.0":[0,-0.8,0],"1.0":[0,-0.8,0]}},"head":{"rotation":{"0.0":[0,-5,0],"0.0833":[2.5,-3.83333,0],"0.3333":[-4,-0.33333,0],"0.5":[0,2,0],"1.0":[0,-5,0]}},"bone2":{"rotation":{"0.0":[0,0,0],"1.0":[0,0,0]}},"bone8":{"rotation":[0,0,0]},"bone9":{"rotation":{"0.0":[0,-7.5,0],"0.0833":[0,-9,0],"0.5833":[0,7.5,0],"1.0":[0,-7.5,0]}},"bone10":{"rotation":{"0.0":[0,-7.5,0],"0.1667":[0,-10,0],"0.6667":[0,6.46,0],"1.0":[0,-7.5,0]}},"bone11":{"rotation":{"0.0":[0,-7.5,0],"0.1667":[0,-9.17,0],"0.75":[0,7.5,0],"1.0":[0,-7.5,0]}},"bone12":{"rotation":{"0.0":[0,-10,0],"0.25":[0,-12.89,0],"0.7917":[0,12.5,0],"1.0":[0,-10,0]}},"left_leg":{"rotation":{"0.0":[-17.5,0,0],"0.5":[27.5,0,0],"1.0":[-17.5,0,0]},"position":{"0.0":[0,0,-2],"0.5":[0,0,0],"0.75":[0,3,-0.97],"1.0":[0,0,-2]}},"right_leg":{"rotation":{"0.0":[25,0,0],"0.5":[-20,0,0],"1.0":[25,0,0]},"position":{"0.0":[0,0,0],"0.25":[0,3,-1.5],"0.5":[0,0,-3],"1.0":[0,0,0]}},"left_leg2":{"rotation":{"0.0":[32.10329,-4.84369,-3.58664],"0.5":[-17.89671,-4.84369,-3.58664],"1.0":[32.10329,-4.84369,-3.58664]},"position":{"0.0":[0,0,1],"0.25":[0,2.3,0],"0.5":[0,-1.4,-1],"1.0":[0,0,1]}},"right_leg2":{"rotation":{"0.0":[-17.5,0,0],"0.5":[27.5,0,0],"1.0":[-17.5,0,0]},"position":{"0.0":[0,0,-2],"0.5":[0,0,0],"0.75":[0,2,-1],"1.0":[0,0,-2]}},"body":{"rotation":{"0.0":[0,3,0],"0.5":[0,-3,0],"1.0":[0,3,0]},"position":{"0.0":[0,-0.1,0],"0.25":[0,0.9,0],"0.5":[0,-0.1,0],"0.75":[0,0.9,0],"1.0":[0,-0.1,0]}}},"sound_effects":{"0.0":{"effect":"walk"}}},"animation.ko_an.crocodile.attack":{"animation_length":1,"bones":{"all":{"position":[0,-0.8,0]},"head":{"rotation":{"0.0":[0,0,0],"0.0833":[2.5,0,0],"0.2083":[-10,0,0],"0.375":[12.54624,-4.88119,-1.08482],"0.625":[7.18454,4.65215,0.31657],"0.9583":[0,0,0]}},"bone2":{"rotation":{"0.0":[0,0,0],"0.25":[-15,0,0],"0.4583":[0,0,0]}},"bone8":{"rotation":{"0.0":[0,0,0],"0.0833":[0,0,0],"0.25":[25,0,0],"0.4167":[-2.5,0,0],"0.6667":[0,0,0]}},"bone9":{"rotation":{"0.0":[0,-5,0],"0.375":[0,12.5,0],"0.9583":[0,-5,0]}},"bone10":{"rotation":{"0.0":[0,-5,0],"0.125":[0,-7.5,0],"0.4583":[0,15,0],"0.9583":[0,-5,0]}},"bone11":{"rotation":{"0.0":[0,-5,0],"0.1667":[0,-16.51,0],"0.7083":[0,10,0],"1.0":[0,-5,0]}},"bone12":{"rotation":{"0.0":[0,-7.5,0],"0.25":[0,-17.5,0],"0.6667":[0,32.5,0],"1.0":[0,-7.5,0]}},"left_leg":{"rotation":{"0.0":[0,0,0],"0.2917":[15,0,0],"0.7083":[0,0,0]},"position":{"0.0":[0,0,0],"0.2917":[0,0,-1],"0.7083":[0,0,0]}},"right_leg":{"rotation":{"0.0":[0,0,0],"0.2917":[15,0,0],"0.7083":[0,0,0]},"position":{"0.0":[0,0,0],"0.2917":[0,0,-1],"0.7083":[0,0,0]}},"left_leg2":{"rotation":{"0.0":[0,0,0],"0.2917":[15,0,0],"0.7083":[0,0,0]},"position":{"0.0":[0,0,0],"0.2917":[0,0,-1],"0.7083":[0,0,0]}},"right_leg2":{"rotation":{"0.0":[0,0,0],"0.2917":[15,0,0],"0.7083":[0,0,0]},"position":{"0.0":[0,0,0],"0.2917":[0,0,-1],"0.7083":[0,0,0]}},"body":{"rotation":{"0.0":[0,0,0],"0.25":[-2.5,0,0],"0.4583":[2.5,0,0],"0.75":[0,0,0]},"position":{"0.0":[0,0,0],"0.1667":[0,1,-1],"0.25":[0,0,-2],"0.375":[0,-0.1,-2.1],"0.75":[0,0,0]}}},"sound_effects":{"0.0":{"effect":"attack"}}},"animation.ko_an.crocodile.swim":{"loop":true,"animation_length":1,"bones":{"all":{"position":[0,-0.8,0]},"head":{"rotation":{"0.0":[0,-2.5,0],"0.5":[0,2.5,0],"1.0":[0,-2.5,0]}},"bone2":{"rotation":[0,0,0]},"bone8":{"rotation":[0,0,0]},"bone9":{"rotation":{"0.0":[0,-10,0],"0.5":[0,10,0],"1.0":[0,-10,0]}},"bone10":{"rotation":{"0.0":[0,-10,0],"0.0833":[0,-17.5,0],"0.625":[0,22.5,0],"1.0":[0,-10,0]}},"bone11":{"rotation":{"0.0":[0,-15,0],"0.1667":[0,-27.5,0],"0.7083":[0,22.5,0],"1.0":[0,-15,0]}},"bone12":{"rotation":{"0.0":[0,-10,0],"0.2917":[0,-27.5,0],"0.8333":[0,35,0],"1.0":[0,-10,0]}},"left_leg":{"rotation":{"0.0":[67.5,0,0],"0.5":[82.5,0,0],"1.0":[67.5,0,0]},"position":[0,0,0]},"right_leg":{"rotation":{"0.0":[75,0,0],"0.5":[65,0,0],"1.0":[75,0,0]},"position":[0,0,0]},"left_leg2":{"rotation":{"0.0":[75,0,0],"0.5":[65,0,0],"1.0":[75,0,0]},"position":[0,0,0]},"right_leg2":{"rotation":{"0.0":[67.5,0,0],"0.5":[82.5,0,0],"1.0":[67.5,0,0]},"position":[0,0,0]},"body":{"rotation":{"0.0":[0.09784,2.30152,0.97334],"0.5":[0.09787,-2.69847,0.9648],"1.0":[0.09784,2.30152,0.97334]},"position":[0,0,0]}},"sound_effects":{"0.0":{"effect":"swim"}}},"animation.ko_an.crocodile.swim_idle":{"loop":true,"animation_length":2,"bones":{"all":{"position":{"0.0":[0,-0.8,0],"1.0":[0,-2,0],"2.0":[0,-0.8,0]}},"head":{"rotation":{"0.0":[0,-2.5,0],"0.375":[-2.5,-2.5,0],"1.375":[2.48385,-2.5,0],"2.0":[0,-2.5,0]}},"bone2":{"rotation":{"0.0":[0,0,0],"2.0":[0,0,0]}},"bone8":{"rotation":{"0.0":[0,0,0],"2.0":[0,0,0]}},"bone9":{"rotation":{"0.0":[0,-5,0],"1.0":[0,2.5,0],"2.0":[0,-5,0]}},"bone10":{"rotation":{"0.0":[0,-5,0],"0.5":[0,-6.67,0],"1.125":[0,2.5,0],"2.0":[0,-5,0]}},"bone11":{"rotation":{"0.0":[0,-7.5,0],"0.5833":[0,-11.41,0],"1.3333":[0,-5,0],"2.0":[0,-7.5,0]}},"bone12":{"rotation":{"0.0":[0,-7.5,0],"0.7083":[0,-8.75,0],"1.4167":[0,0,0],"2.0":[0,-7.5,0]}},"left_leg":{"rotation":{"0.0":[67.5,0,0],"2.0":[67.5,0,0]},"position":{"0.0":[0,0,0],"2.0":[0,0,0]}},"right_leg":{"rotation":{"0.0":[75,0,0],"2.0":[75,0,0]},"position":{"0.0":[0,0,0],"2.0":[0,0,0]}},"left_leg2":{"rotation":{"0.0":[75,0,0],"2.0":[75,0,0]},"position":{"0.0":[0,0,0],"2.0":[0,0,0]}},"right_leg2":{"rotation":{"0.0":[67.5,0,0],"2.0":[67.5,0,0]},"position":{"0.0":[0,0,0],"2.0":[0,0,0]}},"body":{"rotation":{"0.0":[0.09784,2.30152,0.97334],"2.0":[0.09784,2.30152,0.97334]},"position":{"0.0":[0,0,0],"2.0":[0,0,0]}}}},"animation.ko_an.crocodile.swim_attack":{"loop":"hold_on_last_frame","animation_length":1,"bones":{"all":{"rotation":{"0.2917":[0,0,0],"0.4583":[0,0,-30],"0.75":[0,0,-320],"0.9583":[0,0,-360]},"position":[0,-0.8,0]},"head":{"rotation":[0,-2.5,0]},"bone2":{"rotation":{"0.0":[0,0,0],"0.25":[-15,0,0],"0.4583":[0,0,0]}},"bone8":{"rotation":{"0.0":[0,0,0],"0.0833":[0,0,0],"0.25":[25,0,0],"0.4167":[-2.5,0,0],"0.6667":[0,0,0]}},"bone9":{"rotation":{"0.0":[0,-5,0],"0.375":[0,12.5,0],"0.9583":[0,-5,0]}},"bone10":{"rotation":{"0.0":[0,-5,0],"0.125":[0,-7.5,0],"0.4583":[0,15,0],"0.9583":[0,-5,0]}},"bone11":{"rotation":{"0.0":[0,-5,0],"0.1667":[0,-16.51,0],"0.7083":[0,10,0],"1.0":[0,-5,0]}},"bone12":{"rotation":{"0.0":[0,-7.5,0],"0.25":[0,-17.5,0],"0.6667":[0,32.5,0],"1.0":[0,-7.5,0]}},"left_leg":{"rotation":[67.5,0,0],"position":{"0.0":[0,0,0],"0.1667":[0,1,-1],"0.25":[0,0,-2],"0.375":[0,-0.1,-2.1],"0.75":[0,0,0]}},"right_leg":{"rotation":[75,0,0],"position":{"0.0":[0,0,0],"0.1667":[0,1,-1],"0.25":[0,0,-2],"0.375":[0,-0.1,-2.1],"0.75":[0,0,0]}},"left_leg2":{"rotation":[75,0,0],"position":{"0.0":[0,0,0],"0.1667":[0,1,-1],"0.25":[0,0,-2],"0.375":[0,-0.1,-2.1],"0.75":[0,0,0]}},"right_leg2":{"rotation":[67.5,0,0],"position":{"0.0":[0,0,0],"0.1667":[0,1,-1],"0.25":[0,0,-2],"0.375":[0,-0.1,-2.1],"0.75":[0,0,0]}},"body":{"rotation":{"0.0":[0,0,0],"0.25":[-2.5,0,0],"0.4583":[2.5,0,0],"0.75":[0,0,0]},"position":{"0.0":[0,0,0],"0.1667":[0,1,-1],"0.25":[0,0,-2],"0.375":[0,-0.1,-2.1],"0.75":[0,0,0]}}},"sound_effects":{"0.0":{"effect":"attack"}}},