{"format_version":"1.8.0","animations":{"animation.custom_frog.idle":{"loop":true,"animation_length":4,"bones":{"bone3":{"rotation":{"0.0":[0,0,0],"2.0":[-7.5,0,0],"4.0":[0,0,0]},"position":{"0.0":[0,0,0],"2.0":[0,1,0],"4.0":[0,0,0]}},"dos":{"scale":{"0.0":[1,1,1],"0.7917":[1,1,1],"0.9167":[1.08,1.08,1.08],"1.0833":[1,1,1],"2.5417":[1,1,1],"2.6667":[1.08,1.08,1.08],"2.8333":[1,1,1]}},"bas":{"scale":{"0.0":[1,1,1],"0.75":[1,1,1],"0.875":[1.3,1.3,1.3],"0.9583":[0.9,0.9,0.9],"1.0":[1,1,1],"2.5":[1,1,1],"2.625":[1.3,1.3,1.3],"2.7083":[0.9,0.9,0.9],"2.75":[1,1,1]}},"tete":{"rotation":{"0.0":[2.5,0,0],"0.7917":{"pre":[13.79,0,0],"post":[13.79,0,0],"lerp_mode":"catmullrom"},"0.9167":{"post":[8.05,0,0],"lerp_mode":"catmullrom"},"1.0833":{"post":[15,0,0],"lerp_mode":"catmullrom"},"2.4167":{"post":[7.5,0,0],"lerp_mode":"catmullrom"},"2.5833":{"post":[13.79,0,0],"lerp_mode":"catmullrom"},"2.7083":{"post":[8.05,0,0],"lerp_mode":"catmullrom"},"2.875":{"post":[15,0,0],"lerp_mode":"catmullrom"},"4.0":[2.5,0,0]},"scale":{"0.0":[1,1,1],"0.8333":[1,1,1],"0.9583":[1.08,1.08,1.08],"1.125":[1,1,1],"2.625":[1,1,1],"2.75":[1.08,1.08,1.08],"2.9167":[1,1,1]}},"bone8":{"rotation":{"0.0":[0,0,0],"0.8333":[0,0,0],"1.0":[0,0,0],"2.6667":[0,0,0],"2.8333":[0,0,0]},"position":{"0.0":[0,0,0],"0.8333":[0,0,0],"0.9167":[0,-0.68887,0.12435],"1.0":[0,0,0],"2.6667":[0,0,0],"2.75":[0,-0.68887,0.12435],"2.8333":[0,0,0]},"scale":{"0.0":[1,1,1],"0.7917":[1,1,1],"0.9167":[0.9,1.2,1.2],"1.0417":[1,1,1],"2.625":[1,1,1],"2.75":[0.9,1.2,1.2],"2.875":[1,1,1]}},"bone11":{"rotation":{"0.0":[0,0,0],"0.375":{"pre":[0,0,0],"post":[-17.5,-40,180]},"0.5833":{"pre":[-17.5,-40,180],"post":[0,0,0]},"2.25":{"pre":[0,0,0],"post":[-17.5,-40,180]},"2.4583":{"pre":[-17.5,-40,180],"post":[0,0,0]}},"position":{"0.0":[0,0,0],"0.375":{"pre":[0,0,0],"post":[1,0.5,-0.5]},"0.5833":{"pre":[1,0.5,-0.5],"post":[0,0,0]},"2.25":{"pre":[0,0,0],"post":[1,0.5,-0.5]},"2.4583":{"pre":[1,0.5,-0.5],"post":[0,0,0]}},"scale":{"0.0":[1,1,1],"0.375":{"pre":[1,1,1],"post":[1,1.05,1.075]},"0.5833":{"pre":[1,1.05,1.075],"post":[1,1,1]},"2.25":{"pre":[1,1,1],"post":[1,1.05,1.075]},"2.4583":{"pre":[1,1.05,1.075],"post":[1,1,1]}}},"bone12":{"rotation":{"0.0":[0,0,0],"0.4583":{"pre":[0,0,0],"post":[-15,42.5,180]},"0.625":{"pre":[-15,42.5,180],"post":[0,0,0]},"2.2083":{"pre":[0,0,0],"post":[-15,42.5,180]},"2.375":{"pre":[-15,42.5,180],"post":[0,0,0]}},"position":{"0.0":[0,0,0],"0.4583":{"pre":[0,0,0],"post":[-1.1,0.25,-0.5]},"0.625":{"pre":[-1.1,0.25,-0.5],"post":[0,0,0]},"2.2083":{"pre":[0,0,0],"post":[-1.1,0.25,-0.5]},"2.375":{"pre":[-1.1,0.25,-0.5],"post":[0,0,0]}},"scale":{"0.0":[1,1,1],"0.4583":{"pre":[1,1,1],"post":[1,1.14,1.17]},"0.625":{"pre":[1,1.14,1.17],"post":[1,1,1]},"2.2083":{"pre":[1,1,1],"post":[1,1.14,1.17]},"2.375":{"pre":[1,1.14,1.17],"post":[1,1,1]}}},"jampe":{"rotation":{"0.0":[0,0,0],"2.0":[-15,0,0],"4.0":[0,0,0]},"position":{"0.0":[0,0,0],"2.0":[0,1.1747,0.652],"4.0":[0,0,0]}},"bone13":{"rotation":{"0.0":[0,0,0],"2.0":[15.25,0,0],"4.0":[0,0,0]}},"jambe2":{"rotation":{"0.0":[0,0,0],"2.0":[-15,0,0],"4.0":[0,0,0]},"position":{"0.0":[0,0,0],"2.0":[0,1.1747,0.652],"4.0":[0,0,0]}},"bone15":{"rotation":{"0.0":[0,0,0],"2.0":[15,0,0],"4.0":[0,0,0]}},"bone5":{"rotation":{"0.0":[0,0,0],"2.0":[-5,0,0],"4.0":[0,0,0]},"position":{"0.0":[0,0,0],"2.0":[0,1,0],"4.0":[0,0,0]}},"bone18":{"rotation":{"0.0":[0,0,0],"2.0":[15,0,0],"4.0":[0,0,0]}},"bone17":{"rotation":[0,0,0]},"bone4":{"rotation":{"0.0":[0,0,0],"2.0":[-5,0,0],"4.0":[0,0,0]},"position":{"0.0":[0,0,0],"2.0":[0,1,0],"4.0":[0,0,0]}},"bone19":{"rotation":{"0.0":[0,0,0],"2.0":[15,0,0],"4.0":[0,0,0]}},"yp":{"position":[0,0.21644,0.9763]}}},"animation.custom_frog.walk":{"loop":true,"animation_length":0.625,"bones":{"bone":{"rotation":{"0.0":[0,0,0],"0.2083":[-10,0,0],"0.5417":[0,0,0]},"position":{"0.0":[0,0,0],"0.125":[0,0.5,0],"0.2083":[0,10.5,0],"0.5417":[0,0,0]}},"bone2":{"rotation":{"0.0":[0,0,0],"0.125":[-17.5,0,0],"0.25":[-12.5,0,0],"0.4583":[32.5,0,0],"0.625":[0,0,0]},"position":{"0.0":[0,0,0],"0.1667":{"pre":[0,2,0],"post":[0,2,0],"lerp_mode":"catmullrom"},"0.25":{"post":[0,8,0],"lerp_mode":"catmullrom"},"0.375":{"post":[0,9,0],"lerp_mode":"catmullrom"},"0.5417":[0,2,0],"0.5833":[0,0,0]}},"tete":{"rotation":{"0.0":[0,0,0],"0.0833":[25,0,0],"0.2083":[-12.5,0,0],"0.4583":[27.5,0,0],"0.625":[0,0,0]}},"jampe":{"rotation":{"0.0":[0,0,0],"0.0833":[12.5,0,0],"0.1667":[30,0,0],"0.2917":[-11.88,0,0],"0.4167":[14.25,0,0],"0.5":[-35,0,0],"0.625":[0,0,0]},"position":{"0.0":[0,0,0],"0.1667":[0,0,0],"0.2917":[0,1.26922,3.79329],"0.4167":[0,2.30721,2.39452],"0.5":[0,0,0],"0.625":[0,0,0]}},"bone13":{"rotation":{"0.0":[0,0,0],"0.125":[2.5,0,0],"0.2917":[162.5,0,0],"0.375":[166.88,0,0],"0.5":[-10,0,0],"0.5833":[0,0,0]}},"bone14":{"rotation":{"0.0":[0,0,0],"0.1667":[-30,0,0],"0.25":[-27.5,0,0],"0.4167":[25,0,0],"0.5417":[-15,0,0],"0.625":[0,0,0]}},"jambe2":{"rotation":{"0.0":[0,0,0],"0.0833":[12.5,0,0],"0.1667":[30,0,0],"0.2917":[-11.88,0,0],"0.4167":[14.25,0,0],"0.5":[-35,0,0],"0.625":[0,0,0]},"position":{"0.0":[0,0,0],"0.1667":[0,0,0],"0.2917":[0,1.26922,3.79329],"0.4167":[0,2.30721,2.39452],"0.5":[0,0,0],"0.625":[0,0,0]}},"bone15":{"rotation":{"0.0":[0,0,0],"0.125":[2.5,0,0],"0.2917":[162.5,0,0],"0.375":[166.88,0,0],"0.5":[-10,0,0],"0.5833":[0,0,0]}},"bone16":{"rotation":{"0.0":[0,0,0],"0.1667":[-30,0,0],"0.25":[-27.5,0,0],"0.4167":[25,0,0],"0.5417":[-15,0,0],"0.625":[0,0,0]}},"bone5":{"rotation":{"0.0":[0,0,0],"0.0833":[12.5,0,0],"0.2083":[52.59199,19.76655,8.11572],"0.3333":[-55.6549,-14.50853,-7.35007],"0.4583":[-54.954,9.88328,4.05786],"0.5833":[0,0,0]},"position":{"0.0":[0,0,0],"0.0833":[0,0,0],"0.2083":[2.4,0.21409,3.23339],"0.3333":[0,-0.60396,-2.14146],"0.5833":[0,0,0]}},"bone18":{"rotation":{"0.0":[0,0,0],"0.0833":[25,0,0],"0.2917":[65,0,0],"0.4583":[60,0,0],"0.5833":[0,0,0]}},"bone4":{"rotation":{"0.0":[0,0,0],"0.0833":[12.5,0,0],"0.2083":[52.59199,-19.76655,-8.11572],"0.3333":[-56.25437,7.65764,4.23789],"0.4583":[-54.954,-9.88328,-4.05786],"0.5833":[0,0,0]},"position":{"0.0":[0,0,0],"0.0833":[0,0,0],"0.2083":[-2.4,0.21409,3.23339],"0.3333":[0,-0.60396,-2.14146],"0.5833":[0,0,0]}},"bone19":{"rotation":{"0.0":[0,0,0],"0.0833":[25,0,0],"0.2917":[65,0,0],"0.4583":[60,0,0],"0.5833":[0,0,0]}},"yp":{"rotation":[4.5,0,0],"position":[-0.6,-0.19319,0.05176],"scale":[1,1,0.7]}}},"animation.custom_frog.attack":{"animation_length":0.625,"bones":{"bone3":{"rotation":{"0.0":[0,0,0],"0.125":{"pre":[7.19,0,0],"post":[7.19,0,0],"lerp_mode":"catmullrom"},"0.3333":{"post":[-7.5,0,0],"lerp_mode":"catmullrom"},"0.5417":[0,0,0]},"position":{"0.0":[0,0,0],"0.125":{"pre":[0,-0.3203,0.18764],"post":[0,-0.3203,0.18764],"lerp_mode":"catmullrom"},"0.3333":{"post":[0,1,0],"lerp_mode":"catmullrom"},"0.5417":[0,0,0]}},"dos":{"scale":{"0.0":[1,1,1],"0.1667":[1,1,1],"0.2083":[1.08,1.08,1.08],"0.3333":[1,1,1],"0.5417":[1,1,1]}},"bas":{"scale":{"0.0":[1,1,1],"0.1667":[1,1,1],"0.2083":[1.3,1.3,1.3],"0.2917":[0.9,0.9,0.9],"0.375":[1,1,1],"0.5417":[1,1,1]}},"tete":{"rotation":{"0.0":[2.5,0,0],"0.125":[17.6,0,0],"0.25":[-2.61,0,0],"0.5417":[2.5,0,0]},"scale":{"0.0":[1,1,1],"0.2083":[1,1,1],"0.2917":[1.08,1.08,1.08],"0.375":[1,1,1],"0.5417":[1,1,1]}},"bone8":{"rotation":{"0.0":[0,0,0],"0.2083":[0,0,0],"0.2917":[27.5,0,0],"0.3333":[0,0,0],"0.5417":[0,0,0]},"position":{"0.0":[0,0,0],"0.2083":[0,0,0],"0.25":[0,-0.68887,0.12435],"0.3333":[0,0,0],"0.5417":[0,0,0]},"scale":{"0.0":[1,1,1],"0.1667":[1,1,1],"0.25":[0.9,1.2,1.2],"0.3333":[1,1,1],"0.5417":[1,1,1]}},"bone11":{"rotation":{"0.0":[0,0,0],"0.125":{"pre":[0,0,0],"post":[-17.5,-40,180]},"0.3333":{"pre":[-17.5,-40,180],"post":[0,0,0]}},"position":{"0.0":[0,0,0],"0.125":{"pre":[0,0,0],"post":[1,0.5,-0.5]},"0.3333":{"pre":[1,0.5,-0.5],"post":[0,0,0]}},"scale":{"0.0":[1,1,1],"0.125":{"pre":[1,1,1],"post":[1,1.05,1.075]},"0.3333":{"pre":[1,1.05,1.075],"post":[1,1,1]}}},"bone12":{"rotation":{"0.0":[0,0,0],"0.2083":{"pre":[0,0,0],"post":[-15,42.5,180]},