{"format_version":"1.8.0","animations":{"animation.ko_an.deer.idle":{"loop":true,"animation_length":8,"bones":{"body":{"rotation":{"0.0":[0,0,0],"0.625":[-1,0,0],"1.5":[1.63,0,0],"2.0":[0,0,0],"2.625":[-1,0,0],"3.5":[1.63,0,0],"4.0":[0,0,0],"4.625":[-1,0,0],"5.5":[1.63,0,0],"6.0":[0,0,0],"6.625":[-1,0,0],"7.5":[1.63,0,0],"8.0":[0,0,0]},"position":{"0.0":[0,0,0],"1.0":[0,-0.3,0],"2.0":[0,0,0],"3.0":[0,-0.3,0],"4.0":[0,0,0],"5.0":[0,-0.3,0],"6.0":[0,0,0],"7.0":[0,-0.3,0],"8.0":[0,0,0]}},"head2":{"rotation":{"0.0":[0,0,0],"0.8333":[-5,0,0],"1.75":[2.5,0,0],"2.0":[0,0,0],"2.8333":[-5,0,0],"3.75":[2.5,0,0],"4.0":[0,0,0],"4.8333":[-5,0,0],"5.75":[2.5,0,0],"6.0":[0,0,0],"6.8333":[-5,0,0],"7.75":[2.5,0,0],"8.0":[0,0,0]},"position":[0,0,0]},"tail":{"rotation":{"0.0":[0,0,12.5],"0.4167":[0,0,-17.5],"0.7917":[0,0,-25],"1.375":[0,0,25.36],"2.0":[0,0,12.5],"2.4167":[0,0,-17.5],"2.7917":[0,0,-25],"3.375":[0,0,25.36],"4.0":[0,0,12.5],"4.4167":[0,0,-17.5],"4.7917":[0,0,-25],"5.375":[0,0,25.36],"6.0":[0,0,12.5],"6.4167":[0,0,-17.5],"6.7917":[0,0,-25],"7.375":[0,0,25.36],"8.0":[0,0,12.5]}},"head":{"rotation":{"0.0":[-12.5,0,0],"0.8333":[-7.5,0,0],"2.125":[-12.5,0,0],"3.2917":[-12.5,0,0],"3.4583":[-12.93713,13.82552,-3.14664],"4.2917":[-10.43713,13.82552,-3.14664],"4.9167":[-12.93713,13.82552,-3.14664],"5.1667":[-10.89692,-16.99794,-4.11906],"6.3333":[-8.39692,-16.99794,-4.11906],"6.5833":[-12.5,0,0]}},"left_leg":{"rotation":[0,0,0],"position":[0,0,0]},"right_leg":{"rotation":[0,0,0],"position":[0,0,0]},"left_leg2":{"position":[0,0,0]},"right_leg2":{"position":[0,0,0]}}},"animation.ko_an.deer.walk":{"loop":true,"animation_length":1,"bones":{"body":{"rotation":{"0.0":[0,0,1],"0.5":[0,0,-2],"1.0":[0,0,1]},"position":{"0.0":[0,-0.3,0],"0.25":[0,0.17,0],"0.5":[0,-0.3,0],"0.75":[0,0.17,0],"1.0":[0,-0.3,0]}},"head2":{"rotation":{"0.0":[0,0,0],"0.1667":[2.5,0,0],"0.4583":[-3.37,0,0],"0.7083":[0.69,0,0],"0.875":[-2.2,0,0],"1.0":[0,0,0]}},"tail":{"rotation":{"0.0":[0,0,12.5],"0.5":[0,0,-20],"1.0":[0,0,12.5]}},"left_leg":{"rotation":{"0.0":[5,0,0],"0.1667":[8.75,0,0],"0.375":[-9.37,0,0],"0.5":[-12.5,0,0],"1.0":[5,0,0]},"position":{"0.0":[0,0,1],"0.25":[0,1,-0.5],"0.5":[0,0,0],"1.0":[0,0,1]}},"right_leg":{"rotation":{"0.0":[-5,0,0],"0.5":[5,0,0],"0.6667":[6.67,0,0],"0.875":[-10,0,0],"1.0":[-5,0,0]},"position":{"0.0":[0,0,0],"0.5":[0,0,1],"0.75":[0,1,0],"1.0":[0,0,0]}},"left_leg2":{"rotation":{"0.0":[-7.5,0,0],"0.5":[5,0,0],"0.6667":[6.67,0,0],"0.875":[-12.5,0,0],"1.0":[-7.5,0,0]},"position":{"0.0":[0,0,0],"0.5":[0,0,1],"0.75":[0,1,0],"1.0":[0,0,0]}},"right_leg2":{"rotation":{"0.0":[5,0,0],"0.1667":[8.75,0,0],"0.375":[-9.37,0,0],"0.5":[-12.5,0,0],"1.0":[5,0,0]},"position":{"0.0":[0,0,1],"0.25":[0,1,-0.5],"0.5":[0,0,0],"1.0":[0,0,1]}},"head":{"rotation":[0,0,0]}},"sound_effects":{"0.0":{"effect":"walk"}}},"animation.ko_an.deer.run_water":{"loop":true,"animation_length":0.45833,"bones":{"body":{"rotation":{"0.0":[-7.5,0,0],"0.1667":[5,0,0],"0.2917":[0,0,0],"0.4583":[-7.5,0,0]},"position":{"0.0":[0,2,0],"0.0417":[0,2,0],"0.1667":[0,0,0],"0.2917":[0,-1,0],"0.4583":[0,2,0]}},"head2":{"rotation":{"0.0":[2.5,0,0],"0.0833":[-2.5,0,0],"0.3333":[32.5,0,0],"0.4583":[2.5,0,0]}},"tail":{"rotation":{"0.0":[9.95623,0.3485,0.89935],"0.1667":[39.86389,1.00594,3.57626],"0.375":[-15.13611,1.00594,3.57626],"0.4583":[9.95623,0.3485,0.89935]}},"left_leg":{"rotation":{"0.0":[-30,0,0],"0.1667":[-2.5,0,0],"0.3333":[25,0,0],"0.4583":[-30,0,0]},"position":{"0.0":[0,4,0],"0.1667":[0,0,0],"0.3333":[0,0,2],"0.4583":[0,4,0]}},"right_leg":{"rotation":{"0.0":[20,0,0],"0.1667":[-22.5,0,0],"0.3333":[5,0,0],"0.4583":[20,0,0]},"position":{"0.0":[0,4,0],"0.1667":[0,0,0],"0.3333":[0,0,2],"0.4583":[0,4,0]}},"left_leg2":{"rotation":{"0.0":[10,0,0],"0.2083":[-25,0,0],"0.4583":[10,0,0]},"position":{"0.0":[0,1,0],"0.125":[0,2,0],"0.2917":[0,0,0],"0.375":[0,-0.3,0],"0.4583":[0,1,0]}},"right_leg2":{"rotation":{"0.0":[20,0,0],"0.1667":[-2.5,0,0],"0.3333":[-11.67,0,0],"0.4583":[20,0,0]},"position":{"0.0":[0,1,0],"0.125":[0,2,0],"0.2917":[0,0,0],"0.375":[0,-0.3,0],"0.4583":[0,1,0]}},"head":{"rotation":{"0.0":[-2.5,0,0],"0.125":[-15,0,0],"0.375":[7.5,0,0],"0.4583":[-2.5,0,0]}}},"sound_effects":{"0.0":{"effect":"run_water"}}},"animation.ko_an.deer.run":{"loop":true,"animation_length":0.45833,"bones":{"body":{"rotation":{"0.0":[-7.5,0,0],"0.1667":[5,0,0],"0.2917":[0,0,0],"0.4583":[-7.5,0,0]},"position":{"0.0":[0,2,0],"0.0417":[0,2,0],"0.1667":[0,0,0],"0.2917":[0,-1,0],"0.4583":[0,2,0]}},"head2":{"rotation":{"0.0":[2.5,0,0],"0.0833":[-2.5,0,0],"0.3333":[32.5,0,0],"0.4583":[2.5,0,0]}},"tail":{"rotation":{"0.0":[9.95623,0.3485,0.89935],"0.1667":[39.86389,1.00594,3.57626],"0.375":[-15.13611,1.00594,3.57626],"0.4583":[9.95623,0.3485,0.89935]}},"left_leg":{"rotation":{"0.0":[-30,0,0],"0.1667":[-2.5,0,0],"0.3333":[25,0,0],"0.4583":[-30,0,0]},"position":{"0.0":[0,4,0],"0.1667":[0,0,0],"0.3333":[0,0,2],"0.4583":[0,4,0]}},"right_leg":{"rotation":{"0.0":[20,0,0],"0.1667":[-22.5,0,0],"0.3333":[5,0,0],"0.4583":[20,0,0]},"position":{"0.0":[0,4,0],"0.1667":[0,0,0],"0.3333":[0,0,2],"0.4583":[0,4,0]}},"left_leg2":{"rotation":{"0.0":[10,0,0],"0.2083":[-25,0,0],"0.4583":[10,0,0]},"position":{"0.0":[0,1,0],"0.125":[0,2,0],"0.2917":[0,0,0],"0.375":[0,-0.3,0],"0.4583":[0,1,0]}},"right_leg2":{"rotation":{"0.0":[20,0,0],"0.1667":[-2.5,0,0],"0.3333":[-11.67,0,0],"0.4583":[20,0,0]},"position":{"0.0":[0,1,0],"0.125":[0,2,0],"0.2917":[0,0,0],"0.375":[0,-0.3,0],"0.4583":[0,1,0]}},"head":{"rotation":{"0.0":[-2.5,0,0],"0.125":[-15,0,0],"0.375":[7.5,0,0],"0.4583":[-2.5,0,0]}}},"sound_effects":{"0.0":{"effect":"run"}}},"animation.ko_an.deer.attack":{"loop":"hold_on_last_frame","animation_length":2.04167,"bones":{"body":{"rotation":{"0.0":[0,0,0],"0.1667":[10,0,0],"0.375":[-7.5,0,0],"0.5833":[5,0,0],"0.7917":[7.5,0,0],"1.25":[5,0,0],"1.625":[7.5,0,0],"2.0":[0,0,0]},"position":{"0.0":[0,0,0],"0.1667":[0,-0.7,2],"0.3333":[0,-0.7,-1],"0.5833":[0,-0.7,0],"2.0":[0,0,0]}},"head2":{"rotation":{"0.0":[0,0,0],"0.2917":[52.5,0,0],"0.4167":[47.5,0,0],"0.625":[82.5,0,0],"0.9583":[45,0,0],"1.5833":[75,0,0],"2.0":[0,0,0]},"position":{"0.0":[0,0,0],"0.625":[0,-2.9,-2],"1.2083":[0,0,0]}},"tail":{"rotation":{"0.0":[0,0,12.5],"0.1667":[-7.5,0,0],"0.375":[20,0,0],"0.5833":[-10,0,0],"0.875":[5,0,0],"1.3333":[-7.5,0,0],"1.7083":[0,0,0],"2.0":[0,0,12.5]}},"left_leg":{"rotation":{"0.0":[0,0,0],"0.1667":[-24.94548,-1.29256,-4.83045],"0.375":[-0.17275,-1.29256,-4.83045],"0.625":[-15.38666,-1.29256,-4.83045],"1.0833":[-14.94548,-1.29256,-4.83045],"2.0":[0,0,0]},"position":{"0.0":[0,0,0],"0.1667":[0,-1,2],"0.375":[0,1,0],"0.625":[0,0,0],"1.0833":[0,0,0],"2.0":[0,0,0]}},"right_leg":{"rotation":{"0.0":[0,0,0],"0.1667":[-24.28033,6.04322,11.08249],"0.375":[-0.34001,-1.25895,2.67134],"0.625":[-15.20967,2.68623,9.63622],"1.0833":[-14.65993,3.21132,12.08681],"2.0":[0,0,0]},"position":{"0.0":[0,0,0],"0.1667":[0,-1,2],"0.375":[0,1,0],"0.625":[0,0,0],"1.0833":[0,0,0],"2.0":[0,0,0]}},"left_leg2":{"rotation":{"0.0":[0,0,0],"0.1667":[-5,0,0],"0.375":[7.5,0,0],"0.625":[0,0,0]},"position":{"0.0":[0,0,0],"0.1667":[0,0,1],"0.375":[0,0,-1],"0.625":[0,0,0],"2.0":[0,0,0]}},"right_leg2":{"rotation":{"0.0":[0,0,0],"0.1667":[-5,0,0],"0.375":[7.5,0,0],"0.625":[0,0,0]},"position":{"0.0":[0,0,0],"0.1667":[0,0,1],"0.375":[0,0,-1],"0.625":[0,0,0],"2.0":[0,0,0]}},"bone2":{"position":{"0.5833":[0,0,0],"0.7917":[0,"q.mark_variant!=2 ? 0 : 2","q.mark_variant!=2 ? 0 : -3"],"0.9167":[0,"q.mark_variant!=2 ? 0 : 3","q.mark_variant!=2 ? 0 : -9"],"1.0833":[0,"q.mark_variant!=2 ? 0 : 3","q.mark_variant!=2 ? 0 : -29"]},"scale":{"1.0":[1,1,1],"1.0833":["q.mark_variant!=2","q.mark_variant!=2","q.mark_variant!=2"]}},"bone5":{"position":{"0.5833":[0,0,0],"0.7917":[0,"q.mark_variant!=2 ? 0 : 2","q.mark_variant!=2 ? 0 : -3"],"0.9167":[0,"q.mark_variant!=2 ? 0 : 3","q.mark_variant!=2 ? 0 : -9"],"1.0833":[0,"q.mark_variant!=2 ? 0 : 3","q.mark_variant!=2 ? 0 : -27"]},"scale":{"1.0":[1,1,1],