{"format_version":"1.8.0","animations":{"animation.hfrlc.key_item.position":{"loop":true,"animation_length":1.7917,"bones":{"all":{"rotation":["c.is_first_person ? -76.7856592159 : 0","c.is_first_person ? 28.4922525608 : 0","c.is_first_person ? -221.4280201762 : -90"],"position":["c.is_first_person ? -7.665206094 : 0.5","c.is_first_person ? 26.421739868 : 23","c.is_first_person ? -6.0608220835 : -6"],"scale":0.5}}},"animation.hfrlc.key_item.open":{"loop":"hold_on_last_frame","animation_length":1.125,"bones":{"all":{"rotation":[0,"q.property('hfrlc:key_orientation') == 'back' ? 0 : -180",0]},"all2":{"rotation":{"0.0":[0,0,-90],"0.2917":[0,0,-90.99773],"0.4583":[0,0,-90.79791],"0.5":[0,0,-90.49382],"0.5417":[0,0,-90],"0.5833":[0,0,-94.03034],"0.625":[0,0,-140.17685],"0.6667":[0,0,-191.40967],"0.7083":[0,0,-188.98571],"0.75":[0,0,-180]},"position":[0,24,8],"scale":0.8}},"sound_effects":{"0.5417":{"effect":"open_key"}}},"animation.hfrlc.key_item.open_door_reverse":{"loop":"hold_on_last_frame","animation_length":3.0417,"bones":{"door_right_key":{"scale":0},"door_left_key":{"rotation":{"1.25":[0,0,0],"1.3333":[0,5,0],"1.4167":[0,4,0],"1.75":[0,6,0],"2.0":[0,14.78,0],"2.2917":[0,33.58,0],"2.5833":[0,67.43,0],"2.75":[0,90,0],"2.7917":[0,88,0],"2.8333":[0,90,0],"2.9583":[0,90,0],"3.0417":[0,90,0]},"position":{"1.25":[0,0,0],"1.2917":[0,0,-0.25],"1.3333":[0,0,0],"1.375":[0,0,-0.25],"1.4167":[0,0,0],"1.4583":[0,0,-0.25],"1.5":[0,0,0],"1.5417":[0,0,-0.25],"1.5833":[0,0,0],"1.625":[0,0,-0.25],"1.6667":[0,0,0],"1.7083":[0,0,-0.25],"1.75":[0,0,-0.25],"1.7917":[0,0,0],"1.8333":[0,0,-0.25],"1.875":[0,0,0],"1.9167":[0,0,-0.25],"1.9583":[0,0,0],"2.0":[0,0,-0.25],"2.0417":[0,0,0],"2.0833":[0,0,-0.25],"2.125":[0,0,0],"2.1667":[0,0,-0.25],"2.2083":[0,0,0],"2.25":[0,0,-0.25],"2.2917":[0,0,0],"2.3333":[0,0,-0.25],"2.375":[0,0,0],"2.4167":[0,0,-0.25],"2.4583":[0,0,0],"2.5":[0,0,-0.25],"2.5417":[0,0,0],"2.5833":[0,0,-0.25],"2.625":[0,0,0],"2.6667":[0,0,-0.25],"2.7083":[0,0,0],"2.75":[0,0,0],"2.7917":[0,0,-0.25],"2.8333":[0,0,0],"2.9583":[0,0,0],"3.0417":[0,0,0]}}}},"animation.hfrlc.key_item.open_door":{"loop":"hold_on_last_frame","animation_length":3.0417,"bones":{"door_right_key":{"rotation":{"1.25":[0,0,0],"1.3333":[0,5,0],"1.4167":[0,4,0],"1.75":[0,6,0],"2.0":[0,14.78,0],"2.2917":[0,33.58,0],"2.5833":[0,67.43,0],"2.75":[0,90,0],"2.7917":[0,88,0],"2.8333":[0,90,0],"2.9583":[0,90,0],"3.0417":[0,90,0]},"position":{"1.25":[0,0,0],"1.2917":[0,0,-0.25],"1.3333":[0,0,0],"1.375":[0,0,-0.25],"1.4167":[0,0,0],"1.4583":[0,0,-0.25],"1.5":[0,0,0],"1.5417":[0,0,-0.25],"1.5833":[0,0,0],"1.625":[0,0,-0.25],"1.6667":[0,0,0],"1.7083":[0,0,-0.25],"1.75":[0,0,-0.25],"1.7917":[0,0,0],"1.8333":[0,0,-0.25],"1.875":[0,0,0],"1.9167":[0,0,-0.25],"1.9583":[0,0,0],"2.0":[0,0,-0.25],"2.0417":[0,0,0],"2.0833":[0,0,-0.25],"2.125":[0,0,0],"2.1667":[0,0,-0.25],"2.2083":[0,0,0],"2.25":[0,0,-0.25],"2.2917":[0,0,0],"2.3333":[0,0,-0.25],"2.375":[0,0,0],"2.4167":[0,0,-0.25],"2.4583":[0,0,0],"2.5":[0,0,-0.25],"2.5417":[0,0,0],"2.5833":[0,0,-0.25],"2.625":[0,0,0],"2.6667":[0,0,-0.25],"2.7083":[0,0,0],"2.75":[0,0,0],"2.7917":[0,0,-0.25],"2.8333":[0,0,0],"2.9583":[0,0,0],"3.0417":[0,0,0]}},"door_left_key":{"scale":0}}}}}