{"format_version":"1.8.0","animations":{"animation.knightrank.idle":{"loop":true,"animation_length":2,"bones":{"upperbody":{"rotation":{"0.0":[0,0,0],"1.0417":[2.5,0,0],"2.0":[0,0,0]}},"rightshoulder":{"rotation":{"0.0":[0,0,0],"1.25":[-4.98107,-0.43523,2.51893],"2.0":[0,0,0]}},"leftshoulder":{"rotation":{"0.0":[0,0,0],"1.25":[-5,0,-7.5],"2.0":[0,0,0]}},"head":{"rotation":{"0.0":[0,0,0],"0.8333":[5,0,0],"2.0":[0,0,0]}},"bannerplate":{"rotation":{"0.0":[0,0,0],"0.9167":[-2.5,0,0],"2.0":[0,0,0]}},"bone2":{"rotation":{"0.0":[0,0,0],"0.9167":[-2.5,0,0],"2.0":[0,0,0]}},"bone3":{"rotation":{"0.0":[0,0,0],"0.9167":[7.5,0,0],"2.0":[0,0,0]}},"corne":{"scale":0}}},"animation.knightrank.walk":{"loop":true,"animation_length":1.29167,"bones":{"upperbody":{"rotation":{"0.0":[0,0,0],"0.4167":[11.99757,0.13948,1.00487],"0.9167":[-2.02184,0.41778,-2.98549],"1.2917":[0,0,0]},"position":{"0.0":[0,0,0],"0.25":[0,0.5,0],"0.5833":[0,-0.3,0],"0.9167":[0,0.5,0],"1.2917":[0,0,0]}},"rightshoulder":{"rotation":{"0.0":[0,0,0],"0.4167":[-12.43366,1.29638,5.85878],"0.9167":[10,0,0],"1.2917":[0,0,0]}},"leftshoulder":{"rotation":{"0.0":[0,0,0],"0.5":[2.44548,1.29256,-4.83045],"0.9583":[-12.5,0,0],"1.2917":[0,0,0]}},"head":{"rotation":{"0.0":[0,0,0],"0.375":[3.99029,-0.2788,3.99029],"0.9167":[1.99513,0.13948,-3.99757],"1.2917":[0,0,0]}},"rightleg":{"rotation":{"0.0":[0,0,0],"0.4167":[32.5,0,0],"0.9167":[-40,0,0],"1.2917":[0,0,0]}},"leftfoot":{"rotation":{"0.0":[0,0,0],"0.4167":[25,0,0],"0.7083":[25,0,0],"0.9167":[-10,0,0],"1.125":[15,0,0],"1.2917":[0,0,0]}},"leftleg":{"rotation":{"0.0":[0,0,0],"0.4167":[-32.5,0,0],"0.9167":[40,0,0],"1.2917":[0,0,0]}},"rightfoot":{"rotation":{"0.0":[0,0,0],"0.3333":[-22.5,0,0],"0.4583":[-22.5,0,0],"0.625":[4.5,0,0],"0.8333":[-11.12,0,0],"0.9583":[7.5,0,0],"1.2917":[0,0,0]}},"bannerplate":{"rotation":{"0.0":[0,0,0],"0.4583":[1,0,0],"0.9583":[-20,0,0],"1.2917":[0,0,0]}},"bone":{"rotation":{"0.0":[0,0,0],"0.3333":[11,0,0],"0.8333":[-7,0,0],"1.2917":[0,0,0]}},"bone3":{"rotation":{"0.0":[0,0,0],"0.5":[10,0,0],"1.0417":[-10,0,0],"1.2917":[0,0,0]}},"bone2":{"rotation":{"0.0":[0,0,0],"0.5":[9,0,0],"1.0417":[-9.00539,0.31281,-1.9754],"1.2917":[0,0,0]}},"tanky":{"rotation":{"0.0":[0,0,0],"0.4167":[-2.99818,-0.10465,-3.99726],"0.9167":[-0.97798,0.33056,4.99171],"1.2917":[0,0,0]},"position":{"0.0":[0,0,0],"0.25":[0,0.7,0],"0.625":[0,-0.2,0],"0.9583":[0,1.1,0],"1.2917":[0,0,0]}},"corne":{"scale":0}}},"animation.knightrank.attack":{"loop":"hold_on_last_frame","animation_length":0.75,"sound_effects":{"0.0":[{"effect":"shield"}]},"bones":{"upperbody":{"rotation":{"0.0":[0,0,0],"0.3333":[0,17.5,0],"0.5":[0,-6,0],"0.6667":[0,0,0]}},"rightshoulder":{"rotation":{"0.0":[0,0,0],"0.4583":[0,0,13],"0.75":[0,0,0]}},"bannerplate":{"rotation":{"0.0":[0,0,0],"0.25":[0,0,-9],"0.5":[0,0,3],"0.75":[0,0,0]}},"bone2":{"rotation":{"0.0":[0,0,0],"0.25":[9,0,0],"0.5417":[-12,0,0],"0.75":[0,0,0]}},"bone3":{"rotation":{"0.0":[0,0,0],"0.25":[13,0,0],"0.5417":[-20,0,0],"0.75":[0,0,0]}},"leftshoulder":{"rotation":{"0.0":[0,0,0],"0.3333":[-56.27545,7.85543,-15.57879],"0.5":[10,0,0],"0.6667":[0,0,0]}},"leftelbo":{"rotation":{"0.0":[0,0,0],"0.3333":[-22.5,0,0],"0.5":[-21.80633,5.68422,13.9042],"0.6667":[0,0,0]}},"shield":{"rotation":{"0.0":[0,0,0],"0.3333":[67.5,0,0],"0.5":[0,0,0]}},"head":{"rotation":{"0.0":[0,0,0],"0.3333":[8,-12,0],"0.5833":[4.82554,-1.10409,1.52198],"0.75":[0,0,0]}},"hip":{"rotation":{"0.0":[0,0,0],"0.3333":[0,7,0],"0.5833":[0,0,0]}},"rightleg":{"rotation":{"0.0":[0,0,0],"0.3333":[7,0,0],"0.5833":[0,0,0]}},"leftleg":{"rotation":{"0.0":[0,0,0],"0.3333":[0,-11,0],"0.5833":[0,0,0]}},"corne":{"scale":0}}},"animation.knightrank.come":{"animation_length":5,"bones":{"upperbody":{"rotation":{"0.0":[0,0,0],"0.2917":[1.98905,-0.20901,5.99637],"0.5417":[1.99726,-0.10465,2.99818],"0.8333":[2,0,0],"1.375":[-10.5,0,0],"2.0833":[14.5,0,0],"3.0833":[4.07,0,0],"4.0":[-5.5,0,0],"4.5417":[5.5,0,0],"5.0":[0,0,0]}},"rightshoulder":{"rotation":{"0.0":[0,0,0],"0.875":[0,0,0],"1.5":[0,0,10],"2.9583":[7,0,10],"3.875":[0,0,0]}},"bannerplate":{"rotation":{"0.0":[0,0,0],"1.125":[0,0,0],"1.6667":[0.5,0,0],"2.3333":[-11.5,0,0],"3.0833":[-2.5,0,0],"4.3333":[0,0,0]}},"bone2":{"rotation":{"0.0":[0,0,0],"1.125":[10,0,0],"1.875":[-11,0,0],"2.75":[9,0,0],"3.625":[-9,0,0],"5.0":[0,0,0]}},"bone3":{"rotation":{"0.0":[0,0,0],"1.125":[0,0,0],"1.875":[-28,0,0],"2.875":[23,0,0],"4.125":[-11,0,0],"5.0":[0,0,0]}},"leftshoulder":{"rotation":{"0.0":[0,0,0],"0.25":[14.89638,-1.61888,7.32417],"0.4583":[14.47552,-3.90498,16.03971],"0.6667":[14.89638,-1.61888,7.32417],"1.0417":[-71.59613,22.95004,11.30754],"1.5":[-71.6,22.95,11.31],"1.7083":[-54.6,22.95,11.31],"2.2917":[-99.6,22.95,11.31],"3.125":[-107.1,22.95,11.31],"4.0":[-104.20769,44.11467,4.00726],"4.4167":[0,0,0],"4.75":[11,0,14],"5.0":[0,0,0]}},"leftelbo":{"rotation":{"1.125":[0,0,0],"1.4583":[0,40,5],"2.375":[0,40,5],"3.125":[0,52.5,5],"5.0":[0,0,0]}},"shield":{"scale":{"0.5417":[1,1,1],"0.625":{"pre":[1,1,1],"post":[0,0,0]},"4.75":{"pre":[0,0,0],"post":[0,0,0]},"4.7917":{"pre":[0,0,0],"post":[1,1,1]}}},"head":{"rotation":{"0.9583":[0,0,0],"1.2917":[-42.5,0,0],"1.625":[15,0,0],"2.25":[-37.5,0,0],"2.9167":[-47.5,0,0],"3.5":[-52.2212,-3.06794,3.95002],"4.0833":[-55.23095,4.29357,-6.15518],"4.7083":[17.39502,1.95162,-2.79781],"5.0":[0,0,0]}},"bone":{"rotation":{"1.3333":[0,0,0],"1.875":[12.5,0,0],"2.4583":[-7.5,0,0],"2.9583":[0,0,0]}},"rightleg":{"rotation":{"0.0":[0,0,0],"0.625":[-2,0,0],"2.0833":[-5,0,0],"3.5":[0,0,0]}},"leftleg":{"rotation":{"0.0":[0,0,0],"0.625":[6,0,0],"0.875":[0,0,0],"1.3333":[-19,0,0],"2.0417":[32,0,0],"3.75":[42,0,0],"4.375":[0,0,0]}},"corne":{"rotation":{"0.75":[0,0,0],"1.0417":[-84.77791,-38.14079,137.86266],"2.0":[-84.78,-38.14,137.86],"2.75":[-89.78,-38.14,137.86]},"scale":{"0.0":[0,0,0],"0.5417":[0,0,0],"0.625":{"pre":[0,0,0],"post":[1,1,1]},"4.75":{"pre":[1,1,1],"post":[1,1,1]},"4.7917":{"pre":[1,1,1],"post":[0,0,0]}}},"boby2":{"scale":{"0.125":[1,1,1],"1.0417":[1,1,1]}},"bone4":{"scale":{"0.0":[1,1,1],"0.7917":[1,1,1],"1.375":[1,0.86,4.2],"1.625":[1,0.86,4.2],"4.0":[1,1,0.28]}}}}}}