{"format_version":"1.8.0","animations":{"animation.pirate2.walk":{"loop":true,"animation_length":1.33333,"anim_time_update":"q.anim_time+q.modified_move_speed*(q.delta_time*1.5)","bones":{"upperbody":{"rotation":{"0.0":[0,0,0],"0.375":[2.5,0,0],"0.875":[-2.5,0,0],"1.3333":[0,0,0]}},"head":{"rotation":{"0.0":[0,0,0],"0.5417":[7,0,0],"0.9583":[-2.5,0,0],"1.3333":[0,0,0]}},"rightarm":{"rotation":{"0.0":[0,0,0],"0.4167":[-2,0,0],"0.9583":[1,0,0],"1.3333":[0,0,0]}},"rightelbo":{"rotation":{"0.0":[0,0,0],"0.4583":[0,0,0],"0.875":[-2,0,0],"1.3333":[0,0,0]}},"leftarm":{"rotation":{"0.0":[0,0,0],"0.375":[5,0,0],"0.9167":[-3,0,0],"1.3333":[0,0,0]}},"rightleg":{"rotation":{"0.0":[0,0,0],"0.375":[25,0,0],"0.9167":[-25,0,0],"1.3333":[0,0,0]}},"rightknee":{"rotation":{"0.0":[0,0,0],"0.375":[20,0,0],"0.875":[-12.5,0,0],"1.3333":[0,0,0]}},"leftleg":{"rotation":{"0.0":[0,0,0],"0.375":[-25,0,0],"0.9167":[25,0,0],"1.3333":[0,0,0]}},"leftknee":{"rotation":{"0.0":[0,0,0],"0.3333":[-15,0,0],"0.7917":[27.5,0,0],"1.3333":[0,0,0]}},"root":{"position":{"0.0":[0,0,0],"0.25":[0,0.4,0],"0.5":[0,-0.3,0],"0.8333":[0,0.4,0],"1.125":[0,-0.1,0],"1.3333":[0,0,0]}}}},"animation.pirate2.walkArm":{"loop":true,"animation_length":1.33333,"anim_time_update":"q.anim_time+q.modified_move_speed*(q.delta_time*1.5)","bones":{"rightarm":{"rotation":{"0.0":[0,0,0],"0.4167":[-8,0,0],"0.9583":[4,0,0],"1.3333":[0,0,0]}},"rightelbo":{"rotation":{"0.0":[0,0,0],"0.4583":[0,0,0],"0.875":[-8,0,0],"1.3333":[0,0,0]}},"leftarm":{"rotation":{"0.0":[0,0,0],"0.375":[20,0,0],"0.9167":[-12,0,0],"1.3333":[0,0,0]}},"leftelbo":{"rotation":{"0.0":[0,0,0],"0.4167":[0,0,0],"0.875":[-8,0,0],"1.2083":[0,0,0]}}}},"animation.pirate2.idle":{"loop":true,"animation_length":2,"bones":{"upperbody":{"rotation":{"0.0":[0,0,0],"1.0":[2,0,0],"2.0":[0,0,0]}},"head":{"rotation":{"0.0":[0,0,0],"0.875":[7.5,0,0],"2.0":[0,0,0]}},"rightarm":{"rotation":{"0.0":[0,0,0],"1.0":[0,0,5],"2.0":[0,0,0]}},"rightelbo":{"rotation":{"0.0":[0,0,0],"0.8333":[-5,0,0],"2.0":[0,0,0]}},"leftarm":{"rotation":{"0.0":[0,0,0],"1.0":[0,0,-5],"2.0":[0,0,0]}},"lefthand":{"rotation":{"0.0":[0,0,0],"0.8333":[-5,0,0],"2.0":[0,0,0]}}}},"animation.pirate2.attack":{"loop":true,"animation_length":2,"bones":{"head":{"rotation":{"0.0":[7.5,0,12.5],"1.0":[0,0,15],"1.2083":[12.78571,0,14.40476],"1.5":[-7.52679,0,13.57143],"1.875":[7.5,0,12.5]}},"rightarm":{"rotation":{"0.125":[-74.76408,-12.24164,-2.19273],"1.0":[-79.76408,-12.24164,-2.19273],"1.1667":[-92.81584,-12.24164,-2.19273],"1.3333":[-79.76408,-12.24164,-2.19273],"2.0":[-74.76408,-12.24164,-2.19273]},"position":{"1.0":[0,0,0],"1.1667":[0,0,1],"1.3333":[0,0,0]}},"leftarm":{"rotation":{"0.125":[-82.49953,19.9929,1.1329],"1.0":[-83.9037,34.84748,3.49226],"1.1667":[-88.57383,34.84748,3.49226],"1.3333":[-80.24286,34.84748,3.49226],"2.0":[-82.49953,19.9929,1.1329]}},"leftelbo":{"rotation":[0,0,15]},"upperbody":{"rotation":{"1.0":[0,0,0],"1.1667":[2.5,0,0],"1.3333":[-7.5,0,0],"1.5":[0,0,0]}}}}}}