{"format_version":"1.8.0","animations":{"animation.sword_13.hold_t":{"loop":true,"bones":{"rightArm":{"rotation":[10.8744,-2.15825,6.66055],"position":[0,-1,0.7]},"weapon":{"rotation":[0,0,79],"position":[-0.7,1.4,0]}}},"animation.sword_13.pare_t":{"loop":"hold_on_last_frame","animation_length":0.41667,"bones":{"waist":{"rotation":{"0.0":[0,0,0],"0.0417":[1.17,0,0],"0.0833":[4.26,0,0],"0.125":[8.18,0,0],"0.1667":[11.71,0,0],"0.2083":[14,0,0],"0.25":[14.88,0,0],"0.2917":[14.77,0,0],"0.3333":[14.33,0,0],"0.375":[14.05,0,0],"0.4167":[14,0,0]}},"rightArm":{"rotation":{"0.0417":[10.87,-2.16,6.66],"0.0833":[0.7,-9.07,6.95],"0.125":[-25.29,-26.72,7.67],"0.1667":[-56.14,-47.68,8.54],"0.2083":[-80.63,-64.32,9.22],"0.25":[-92.95,-72.69,9.57],"0.2917":[-94.58,-73.79,9.61],"0.3333":[-91.42,-71.65,9.52],"0.375":[-88.86,-69.91,9.45],"0.4167":[-88.38,-69.58,9.44]},"position":{"0.0417":[0,-1,0.7],"0.0833":[-0.04,-0.91,0.4],"0.125":[-0.15,-0.64,-0.36],"0.1667":[-0.27,-0.42,-1.26],"0.2083":[-0.37,-0.54,-1.97],"0.25":[-0.42,-1,-2.33],"0.2917":[-0.43,-1.53,-2.38],"0.3333":[-0.41,-1.89,-2.29],"0.375":[-0.4,-2,-2.21],"0.4167":[-0.4,-1.87,-2.2]}},"weapon":{"rotation":{"0.0833":[0,0,79],"0.125":[-1.93,0.25,78.93],"0.1667":[-6.64,0.85,78.77],"0.2083":[-11.71,1.51,78.6],"0.25":[-15.01,1.93,78.48],"0.2917":[-15.99,2.06,78.45],"0.3333":[-15.6,2.01,78.46],"0.375":[-15.11,1.95,78.48],"0.4167":[-15.01,1.93,78.48]},"position":{"0.0833":[-0.7,1.4,0],"0.125":[-0.74,1.35,0],"0.1667":[-0.83,1.22,0],"0.2083":[-0.93,1.09,0],"0.25":[-1,1,0],"0.2917":[-1.02,0.97,0],"0.3333":[-1.01,0.98,0],"0.375":[-1,1,0],"0.4167":[-1,1,0]}},"leftArm":{"rotation":{"0.0833":[0,0,0],"0.125":[-9.93,2.38,0.53],"0.1667":[-34.21,8.21,1.81],"0.2083":[-60.32,14.48,3.19],"0.25":[-77.33,18.57,4.09],"0.2917":[-82.4,19.79,4.36],"0.3333":[-80.39,19.31,4.26],"0.375":[-77.86,18.7,4.12],"0.4167":[-77.33,18.57,4.09]},"position":{"0.0833":[0,0,0],"0.125":[0,-0.01,0.23],"0.1667":[0,-0.1,0.8],"0.2083":[0,-0.47,1.4],"0.25":[0,-1.1,1.8],"0.2917":[0,-1.7,1.92],"0.3333":[0,-2.04,1.87],"0.375":[0,-2.11,1.81],"0.4167":[0,-1.97,1.8]}}}},"animation.sword_13.hold_pare_t":{"loop":true,"bones":{"waist":{"rotation":[14,0,0]},"rightArm":{"rotation":[-88.37622,-69.57892,9.43908],"position":[-0.4,-1,-2.2]},"weapon":{"rotation":[-15.00873,1.93183,78.48217],"position":[-1,1,0]},"leftArm":{"rotation":[-77.33029,18.56944,4.0948],"position":[0,-1.1,1.8]}}},"animation.sword_13.draw_t":{"loop":"hold_on_last_frame","animation_length":0.33333,"bones":{"rightArm":{"rotation":{"0.0833":[0,0,0],"0.125":[2.39,-0.47,1.46],"0.1667":[7.34,-1.46,4.5],"0.2083":[10.87,-2.16,6.66],"0.25":[11.55,-2.29,7.08],"0.2917":[11.04,-2.19,6.76],"0.3333":[10.87,-2.16,6.66]},"position":{"0.0833":[0,0,0],"0.125":[0,-0.22,0.15],"0.1667":[0,-0.68,0.47],"0.2083":[0,-1,0.7],"0.25":[0,-1.06,0.74],"0.2917":[0,-1.02,0.71],"0.3333":[0,-1,0.7]}},"weapon":{"rotation":{"0.0":[0,0,0],"0.0417":[0,0,10.14],"0.0833":[0,0,34.95],"0.125":[0,0,61.62],"0.1667":[0,0,79],"0.2083":[0,0,84.18],"0.25":[0,0,82.13],"0.2917":[0,0,79.54],"0.3333":[0,0,79]},"position":{"0.0":[0,0,0],"0.0417":[-0.09,0.18,0],"0.0833":[-0.31,0.62,0],"0.125":[-0.55,1.09,0],"0.1667":[-0.7,1.4,0],"0.2083":[-0.75,1.49,0],"0.25":[-0.73,1.46,0],"0.2917":[-0.7,1.41,0],"0.3333":[-0.7,1.4,0]},"scale":{"0.0417":[0,0,0],"0.0833":[0.2195,0.2195,0.2195],"0.125":[0.6752,0.6752,0.6752],"0.1667":[1,1,1],"0.2083":[1.0625,1.0625,1.0625],"0.25":[1.015,1.015,1.015],"0.2917":[1,1,1]}},"leftArm":{"rotation":[0,0,0],"position":[0,0,0]}}},"animation.sword_13.attack_t":{"loop":"hold_on_last_frame","animation_length":0.41667,"bones":{"waist":{"rotation":{"0.0":[0,0,0],"0.0417":[0,8.5,0],"0.0833":[0,14.72,0],"0.125":[0,17,0],"0.1667":[4.76,-2.85,0],"0.2083":[12.81,-36.39,0],"0.25":[15.43,-47.3,0],"0.2917":[13.47,-39.11,0],"0.3333":[12.1,-33.43,0],"0.375":[12,-33,0]}},"rightArm":{"rotation":{"0.0417":[10.87,-2.16,6.66],"0.0833":[-22.09,-6.46,41.79],"0.125":[-46.22,-9.61,67.51],"0.1667":[-55.06,-10.76,76.93],"0.2083":[-56.69,-8.95,84.03],"0.25":[-59.15,-6.21,94.76],"0.2917":[-59.64,-5.67,96.89],"0.3333":[-59.14,-6.23,94.7],"0.375":[-59.02,-6.36,94.19]},"position":{"0.0417":[0,-1,0.7],"0.0833":[0,-1,2.8],"0.125":[0,-1,4.34],"0.1667":[0,-1,4.9],"0.2083":[0,-1.41,1.53],"0.25":[0,-2.03,-3.57],"0.2917":[0,-2.16,-4.58],"0.3333":[0,-2.03,-3.54],"0.375":[0,-2,-3.3]}},"weapon":{"rotation":{"0.0417":[0,0,79],"0.0833":[25.22,-26.08,50.35],"0.125":[43.68,-45.17,29.37],"0.1667":[50.44,-52.16,21.7],"0.2083":[54.47,-46.38,16.07],"0.25":[60.56,-37.63,7.55],"0.2917":[61.77,-35.9,5.87],"0.3333":[60.52,-37.68,7.61],"0.375":[60.24,-38.1,8.01]},"position":[-0.7,1.4,0]},"leftArm":{"rotation":{"0.0":[0,0,0],"0.0417":[-37.89,0,0],"0.0833":[-70,0,0],"0.125":[-91.46,0,0],"0.1667":[-99,0,0],"0.2083":[-38.98,0,-20.15],"0.25":[51.85,0,-50.63],"0.2917":[69.84,0,-56.67],"0.3333":[51.27,0,-50.43],"0.375":[47,0,-49]},"position":{"0.0":[0,0,0],"0.0417":[0,-0.31,-0.84],"0.0833":[0,-0.57,-1.56],"0.125":[0,-0.74,-2.03],"0.1667":[0,-0.8,-2.2],"0.2083":[0,-1.21,-0.1],"0.25":[0,-1.83,3.07],"0.2917":[0,-1.96,3.7],"0.3333":[0,-1.83,3.05],"0.375":[0,-1.8,2.9]}}}},"animation.sword_13.move_t":{"loop":true,"bones":{"waist":{"rotation":["q.modified_move_speed*7.5","q.modified_move_speed*(-math.cos(150+query.modified_distance_moved*38.17)*query.modified_move_speed/variable.gliding_speed_value)*13","q.modified_move_speed*(-math.sin(query.modified_distance_moved*38.17)*query.modified_move_speed/variable.gliding_speed_value)*3"]},"leftArm":{"rotation":["(10.8744+(-math.sin(query.modified_distance_moved*38.17)*query.modified_move_speed/variable.gliding_speed_value)*40)*q.modified_move_speed","(2.1583+(-math.sin(20+query.modified_distance_moved*38.17)*query.modified_move_speed/variable.gliding_speed_value)*10)*q.modified_move_speed","-16.6606*q.modified_move_speed"],"position":[0,"-1*q.modified_move_speed","0.7*q.modified_move_speed"]},"rightArm":{"rotation":["(math.sin(query.modified_distance_moved*38.17)*query.modified_move_speed/variable.gliding_speed_value)*40*q.modified_move_speed","(math.sin(20+query.modified_distance_moved*38.17)*query.modified_move_speed/variable.gliding_speed_value)*10*q.modified_move_speed","10*q.modified_move_speed"]},"weapon":{"rotation":[0,"(math.sin(20+query.modified_distance_moved*38.17)*query.modified_move_speed/variable.gliding_speed_value)*20*q.modified_move_speed",0]}}},"animation.sword_13.hold":{"loop":true,"bones":{"root":{"rotation":[0,180,0]},"rightArm":{"rotation":[-81.6256,-2.15825,6.66055],"position":[0,0,-2.3]},"weapon":{"rotation":[0,0,79],"position":[-0.7,1.4,0]}}},"animation.sword_13.pare":{"loop":"hold_on_last_frame","animation_length":0.41667,"bones":{"root":{"rotation":[0,180,0]},"waist":{"rotation":{"0.0":[0,0,0],"0.0417":[1.17,0,0],"0.0833":[4.26,0,0],"0.125":[8.18,0,0],"0.1667":[11.71,0,0],"0.2083":[14,0,0],"0.25":[14.88,0,0],"0.2917":[14.77,0,0],"0.3333":[14.33,0,0],"0.375":[14.05,0,0],"0.4167":[14,0,0]}},"rightArm":{"rotation":{"0.0417":[-81.63,-2.16,6.66],"0.0833":[-83.19,-9.07,6.95],"0.125":[-87.18,-26.72,7.67],"0.1667":[-91.92,-47.68,8.54],"0.2083":[-95.69,-64.32,9.22],"0.25":[-97.58,-72.69,9.57],"0.2917":[-97.83,-73.79,9.61],"0.3333":[-97.34,-71.65,9.52],"0.375":[-96.95,-69.91,9.45],"0.4167":[-96.88,-69.58,9.44]},"position":{"0.0417":[0,0,-2.3],"0.0833":[-0.04,-0.01,-2.29],"0.125":[-0.15,0,-2.26],"0.1667":[-0.27,-0.09,-2.23],"0.2083":[-0.37,-0.46,-2.21],"0.25":[-0.42,-1.05,-2.2],"0.2917":[-0.43,-1.59,-2.19],"0.3333":[-0.41,-1.92,-2.2],"0.375":[-0.4,-2.01,-2.2],"0.4167":[-0.4,-1.87,-2.2]}},"weapon":{"rotation":{"0.0833":[0,0,79],"0.125":[-1.93,0.25,78.93],"0.1667":[-6.64,0.85,78.77],"0.2083":[-11.71,1.51,78.6],"0.25":[-15.01,1.93,78.48],"0.2917":[-15.99,2.06,78.45],"0.3333":[-15.6,2.01,78.46],"0.375":[-15.11,1.95,78.48],"0.4167":[-15.01,1.93,78.48]},"position":{"0.0833":[-0.7,1.4,0],"0.125":[-0.74,1.35,0],"0.1667":[-0.83,1.22,0],"0.2083":[-0.93,1.09,0],"0.25":[-1,1,0],"0.2917":[-1.02,0.97,0],"0.3333":[-1.01,0.98,0],"0.375":[-1,1,0],