{"format_version":"1.8.0","animations":{"animation.sword_5.hold1":{"loop":true,"bones":{"root":{"rotation":[0,180,0]},"rightArm":{"rotation":[-82.1987,21.50582,-5.09],"position":[2.2,0.8,-2.3]},"waist":{"rotation":[8,0,0]},"weapon":{"rotation":[-25.41453,-14.09157,-24.2493],"position":[1,0,0]},"leftArm":{"rotation":[-78.01846,53.86267,8.65742],"position":[-3.2,0.1,-3.4]}}},"animation.sword_5.hold2":{"loop":true,"bones":{"root":{"rotation":[0,180,0]},"waist":{"rotation":[8,0,0]},"rightArm":{"rotation":[-82.1987,21.50582,-5.09],"position":[1.2,0.8,-3.3]},"weapon":{"rotation":[-25.41453,-14.09157,-24.2493],"position":[1,0,0]},"leftArm":{"rotation":[-78.01846,53.86267,8.65742],"position":[-3.2,0.1,-3.4]}}},"animation.sword_5.hold3":{"loop":true,"bones":{"root":{"rotation":[0,180,0]},"waist":{"rotation":[8,0,0]},"rightArm":{"rotation":[-82.1987,21.50582,-5.09],"position":[1.2,0.8,-3.3]},"weapon":{"rotation":[-25.41453,-14.09157,-24.2493],"position":[1,0,0]},"leftArm":{"rotation":[-78.01846,53.86267,8.65742],"position":[-3.2,0.1,-3.4]}}},"animation.sword_5.draw":{"loop":"hold_on_last_frame","animation_length":0.5,"bones":{"root":{"rotation":[0,180,0]},"waist":{"rotation":{"0.0":[0,0,0],"0.0417":[1.89,0,0],"0.0833":[6.05,0,0],"0.125":[9.42,0,0],"0.1667":[10.29,0,0],"0.2083":[9.37,0,0],"0.25":[8.36,0,0],"0.2917":[8.02,0,0],"0.3333":[8,0,0]},"position":[0,0,0]},"rightArm":{"rotation":{"0.0833":[0,0,0],"0.125":[-19.46,5.09,-1.2],"0.1667":[-62.17,16.27,-3.85],"0.2083":[-96.8,25.33,-5.99],"0.25":[-105.71,27.66,-6.55],"0.2917":[-96.29,25.19,-5.96],"0.3333":[-85.93,22.48,-5.32],"0.375":[-82.39,21.56,-5.1],"0.4167":[-82.2,21.51,-5.09]},"position":{"0.0833":[0,0,0],"0.125":[0.48,0.32,-1.31],"0.1667":[1.28,0.85,-3.52],"0.2083":[1.54,1.03,-4.24],"0.25":[1.35,0.9,-3.7],"0.2917":[1.21,0.81,-3.33],"0.3333":[1.2,0.8,-3.3]}},"weapon":{"rotation":{"0.0833":[0,0,0],"0.125":[-10.09,-5.59,-9.63],"0.1667":[-27.14,-15.05,-25.9],"0.2083":[-32.68,-18.12,-31.19],"0.25":[-28.52,-15.81,-27.21],"0.2917":[-25.63,-14.21,-24.46],"0.3333":[-25.41,-14.09,-24.25]},"position":[1,0,0],"scale":{"0.0833":[0,0,0],"0.125":[0.3041,0.3041,0.3041],"0.1667":[0.8364,0.8364,0.8364],"0.2083":[1.0628,1.0628,1.0628],"0.25":[1.0239,1.0239,1.0239],"0.2917":[1,1,1]}},"leftArm":{"rotation":{"0.0833":[0,0,0],"0.125":[-27.99,21.38,3.44],"0.1667":[-75.31,57.52,9.25],"0.2083":[-90.69,69.27,11.13],"0.25":[-79.14,60.45,9.72],"0.2917":[-71.13,54.33,8.73],"0.3333":[-70.52,53.86,8.66]},"position":{"0.0833":[0,0,0],"0.125":[-0.99,0.02,-1.28],"0.1667":[-3.18,0.08,-4.08],"0.2083":[-4.95,0.12,-6.36],"0.25":[-5.4,0.13,-6.94],"0.2917":[-4.92,0.12,-6.33],"0.3333":[-4.39,0.1,-5.64],"0.375":[-4.21,0.1,-5.41],"0.4167":[-4.2,0.1,-5.4]}}}},"animation.sword_5.attack1":{"loop":"hold_on_last_frame","animation_length":0.4,"bones":{"root":{"rotation":[0,180,0]},"waist":{"rotation":{"0.0":[8,0,0],"0.0417":[-0.38,12.92,-1.22],"0.0833":[-6.51,22.37,-2.12],"0.125":[-8.76,25.83,-2.44],"0.1667":[-4.43,15.71,-1.57],"0.2083":[4.55,-5.29,0.25],"0.25":[10.95,-20.26,1.55],"0.2917":[12.18,-23.14,1.8],"0.3333":[11.25,-20.95,1.61],"0.375":[10.95,-20.26,1.55]}},"rightArm":{"rotation":{"0.0":[-82.1987,21.50582,-5.09],"0.0417":[-82.2,21.51,-5.09],"0.0833":[-106.79,9.58,-15.37],"0.125":[-124.8,0.84,-22.9],"0.1667":[-131.39,-2.35,-25.65],"0.2083":[-96.68,-4.48,-32.03],"0.25":[-35.9,-8.2,-43.2],"0.2917":[-10.06,-9.78,-47.96],"0.3333":[-14.5,-9.51,-47.14],"0.375":[-17.22,-9.34,-46.64]},"position":{"0.0":[2.2,0.8,-2.3],"0.0417":[1.2,0.8,-3.3],"0.0833":[1.29,0.54,-3.26],"0.125":[1.51,-0.08,-3.17],"0.1667":[1.75,-0.76,-3.07],"0.2083":[1.9,-1.2,-3],"0.25":[1.95,-1.33,-2.98],"0.2917":[1.93,-1.28,-2.99],"0.3333":[1.9,-1.21,-3],"0.375":[1.9,-1.2,-3]}},"weapon":{"rotation":{"0.0":[-25.41,-14.09,-24.25],"0.0417":[-18.16,-14.78,-14.9],"0.0833":[-12.86,-15.29,-8.06],"0.125":[-10.91,-15.47,-5.56],"0.1667":[-15.85,-15.47,-5.56],"0.2083":[-26.11,-15.47,-5.56],"0.25":[-33.41,-15.47,-5.56],"0.2917":[-34.82,-15.47,-5.56],"0.3333":[-33.75,-15.47,-5.56],"0.375":[-33.41,-15.47,-5.56]},"position":[1,0,0]},"leftArm":{"rotation":{"0.0":[-70.51846,53.86267,8.65742],"0.0417":[-70.52,53.86,8.66],"0.0833":[-70.58,62.92,32.11],"0.125":[-70.63,69.55,49.28],"0.1667":[-70.65,71.97,55.56],"0.2083":[-66.28,54.11,40.36],"0.25":[-58.64,22.84,13.74],"0.2917":[-55.39,9.54,2.42],"0.3333":[-55.95,11.82,4.36],"0.375":[-56.29,13.22,5.56]},"position":{"0.0":[-3.2,0.1,-3.4],"0.0417":[-4.2,0.1,-5.4],"0.0833":[-3.7,-0.16,-4.51],"0.125":[-2.47,-0.78,-2.35],"0.1667":[-1.16,-1.46,-0.02],"0.2083":[-0.3,-1.9,1.5],"0.25":[-0.04,-2.03,1.95],"0.2917":[-0.15,-1.98,1.77],"0.3333":[-0.27,-1.91,1.55],"0.375":[-0.3,-1.9,1.5]}},"particle":{"rotation":{"0.1667":[-5,-90,46.5],"0.375":[-5,-160,48]},"position":[1.8,19.6,-12]},"slash_pose":{"rotation":[0,0,180]}},"particle_effects":{"0.1667":{"effect":"basic_slash.1","locator":"basic_slash"}}},"animation.sword_5.attack2":{"loop":"hold_on_last_frame","animation_length":0.4,"bones":{"root":{"rotation":[0,180,0]},"waist":{"rotation":{"0.0":[8,0,0],"0.125":[-17.8,-20.46,19.05],"0.1667":[-9.56,-17.12,12.68],"0.2083":[7.54,-10.17,-0.53],"0.25":[19.73,-5.22,-9.94],"0.2917":[22.08,-4.27,-11.75],"0.3333":[20.3,-4.99,-10.38],"0.375":[19.73,-5.22,-9.94]}},"rightArm":{"rotation":{"0.0":[-82.1987,21.50582,-5.09],"0.0417":[-82.2,21.51,-5.09],"0.0833":[-115.27,15.82,22.66],"0.125":[-139.48,11.65,42.98],"0.1667":[-148.34,10.12,50.42],"0.2083":[-115.96,10.12,50.42],"0.25":[-59.27,10.12,50.42],"0.2917":[-35.16,10.12,50.42],"0.3333":[-39.3,10.12,50.42],"0.375":[-41.84,10.12,50.42]},"position":{"0.0":[2.2,0.8,-2.3],"0.0417":[1.2,0.8,-3.3],"0.0833":[2.95,-0.2,-3.35],"0.125":[4.23,-0.93,-3.39],"0.1667":[4.7,-1.2,-3.4],"0.2083":[3.51,-1.47,-2.82],"0.25":[1.44,-1.95,-1.81],"0.2917":[0.56,-2.16,-1.38],"0.3333":[0.71,-2.12,-1.45],"0.375":[0.8,-2.1,-1.5]}},"weapon":{"rotation":{"0.0":[-25.41,-14.09,-24.25],"0.0417":[-31.05,-6.15,1.28],"0.0833":[-35.18,-0.34,19.97],"0.125":[-36.69,1.79,26.81],"0.1667":[-41.09,-0.12,21],"0.2083":[-50.24,-4.08,8.94],"0.25":[-56.75,-6.91,0.35],"0.2917":[-58,-7.45,-1.3],"0.3333":[-57.05,-7.04,-0.05],"0.375":[-56.75,-6.91,0.35]},"position":[1,0,0]},"leftArm":{"rotation":{"0.0":[-70.51846,53.86267,8.65742],"0.0417":[-70.52,53.86,8.66],"0.0833":[-87.31,53.12,44.06],"0.125":[-99.61,52.57,69.97],"0.1667":[-104.11,52.37,79.46],"0.2083":[-86.38,52.91,67.38],"0.25":[-55.34,53.86,46.23],"0.2917":[-42.15,54.27,37.23],"0.3333":[-44.41,54.2,38.78],"0.375":[-45.81,54.16,39.73]},"position":{"0.0":[-3.2,0.1,-3.4],"0.0417":[-4.2,0.1,-5.4],"0.0833":[-3.3,-1.8,-3.6],"0.125":[-2.64,-3.19,-2.28],"0.1667":[-2.4,-3.7,-1.8],"0.2083":[-3.16,-3.37,-1.8],"0.25":[-4.49,-2.78,-1.8],"0.2917":[-5.06,-2.53,-1.8],"0.3333":[-4.96,-2.57,-1.8],"0.375":[-4.9,-2.6,-1.8]}},"slash_pose":{"rotation":[0,0,180]},"particle":{"rotation":{"0.1667":[0,-90,135],"0.375":[0,-160,135]},"position":[-0.1,21.8,-9.3]}},"particle_effects":{"0.1667":{"effect":"basic_slash.1","locator":"basic_slash"}}},"animation.sword_5.attack3":{"loop":"hold_on_last_frame","animation_length":0.4,"bones":{"root":{"rotation":[0,180,0]},"waist":{"rotation":{"0.0":[8,0,0],"0.0417":[-0.6,21.85,-4.04],"0.0833":[-6.9,37.84,-6.99],"0.125":[-9.21,43.69,-8.08],"0.1667":[-2.09,26.1,-6.25],"0.2083":[12.69,-10.41,-2.47],"0.25":[23.22,-36.43,0.23],"0.2917":[25.24,-41.44,0.75],"0.3333":[23.7,-37.63,0.36],"0.375":[23.22,-36.43,0.23]}},"rightArm":{"rotation":{"0.0":[-82.1987,21.50582,-5.09],"0.0417":[-82.2,21.51,-5.09],"0.0833":[-124.43,7.34,-43.05],"0.125":[-155.35,-3.03,-70.84],"0.1667":[-166.66,-6.83,-81.02],"0.2083":[-130.44,-8.96,-86.57],"0.25":[-67.02,-12.69,-96.31],"0.2917":[-40.05,-14.28,-100.44],"0.3333":[-44.68,-14.01,-99.73],"0.375":[-47.53,-13.84,-99.3]},"position":{"0.0":[2.2,0.8,-2.3],"0.0417":[1.2,0.8,-3.3],"0.0833":[0.3,-0.2,-2.3],"0.125":[-0.36,-0.93,-1.57],"0.1667":[-0.6,-1.2,-1.3],"0.2083":[0.8,-0.11,-2.46],"0.25":[3.25,1.81,-4.48],"0.2917":[4.29,2.63,-5.34],"0.3333":[4.11,2.49,-5.19],"0.375":[4,2.4,-5.1]}},