{"format_version":"1.8.0","animations":{"animation.sword_9.hold1_t":{"loop":true,"bones":{"rightArm":{"rotation":[2.97768,-0.36544,6.9905]}}},"animation.sword_9.hold2_t":{"loop":true,"bones":{"rightArm":{"rotation":[2.97768,-0.36544,6.9905]}}},"animation.sword_9.hold3_t":{"loop":true,"bones":{"rightArm":{"rotation":[2.97768,-0.36544,6.9905]}}},"animation.sword_9.attack1_t":{"loop":"hold_on_last_frame","animation_length":0.41667,"bones":{"waist":{"rotation":{"0.0":[0,0,0],"0.0417":[0,8.03,0],"0.0833":[0,14.85,0],"0.125":[0,19.4,0],"0.1667":[0,21,0],"0.2083":[3.29,14.64,0],"0.25":[10.12,1.43,0],"0.2917":[15,-8,0],"0.3333":[15.94,-9.81,0],"0.375":[15.23,-8.44,0],"0.4167":[15,-8,0]}},"rightArm":{"rotation":{"0.0417":[2.98,-0.37,6.99],"0.0833":[16.74,-4.03,11.44],"0.125":[28.4,-7.13,15.2],"0.1667":[36.19,-9.2,17.72],"0.2083":[38.93,-9.93,18.61],"0.25":[10.33,-4.4,13.97],"0.2917":[-39.75,5.27,5.85],"0.3333":[-61.06,9.39,2.39],"0.375":[-57.4,8.69,2.98],"0.4167":[-55.15,8.25,3.35]},"position":{"0.0417":[0,0,0],"0.0833":[0,-0.27,0.57],"0.125":[0,-0.49,1.06],"0.1667":[0,-0.65,1.39],"0.2083":[0,-0.7,1.5],"0.25":[0,-0.85,0.01],"0.2917":[0,-1.12,-2.6],"0.3333":[0,-1.23,-3.71],"0.375":[0,-1.21,-3.52],"0.4167":[0,-1.2,-3.4]}},"weapon":{"rotation":{"0.1667":[0,0,0],"0.2083":[5.71,0,0],"0.25":[17.56,0,0],"0.2917":[26,0,0],"0.3333":[27.63,0,0],"0.375":[26.39,0,0],"0.4167":[26,0,0]}},"leftArm":{"rotation":{"0.0417":[0,0,0],"0.0833":[-6.43,-1,-3.3],"0.125":[-11.88,-1.85,-6.09],"0.1667":[-15.52,-2.42,-7.96],"0.2083":[-16.8,-2.62,-8.61],"0.25":[-0.18,0.01,-11.96],"0.2917":[28.91,4.61,-17.83],"0.3333":[41.3,6.57,-20.33],"0.375":[39.17,6.24,-19.9],"0.4167":[37.87,6.03,-19.63]},"position":{"0.0417":[0,0,0],"0.0833":[0,-0.15,-0.38],"0.125":[0,-0.28,-0.71],"0.1667":[0,-0.37,-0.92],"0.2083":[0,-0.4,-1],"0.25":[0,-0.4,-0.18],"0.2917":[0,-0.4,1.26],"0.3333":[0,-0.4,1.87],"0.375":[0,-0.4,1.76],"0.4167":[0,-0.4,1.7]}}}},"animation.sword_9.attack2_t":{"loop":"hold_on_last_frame","animation_length":0.41667,"bones":{"waist":{"rotation":{"0.0":[0,0,0],"0.0417":[0,-10.71,0],"0.0833":[0,-19.8,0],"0.125":[0,-25.87,0],"0.1667":[0,-28,0],"0.2083":[2.52,-18.57,0],"0.25":[7.76,1.02,0],"0.2917":[11.5,14.99,0],"0.3333":[12.22,17.69,0],"0.375":[11.67,15.65,0],"0.4167":[11.5,15,0]}},"rightArm":{"rotation":{"0.0417":[2.98,-0.37,6.99],"0.0833":[-45.49,-8.79,24.83],"0.125":[-86.58,-15.92,39.96],"0.1667":[-114.04,-20.69,50.07],"0.2083":[-123.68,-22.37,53.61],"0.25":[-85.68,-22.37,53.61],"0.2917":[-19.15,-22.37,53.61],"0.3333":[9.16,-22.37,53.61],"0.375":[4.31,-22.37,53.61],"0.4167":[1.32,-22.37,53.61]},"position":{"0.0417":[0,0,0],"0.0833":[1.45,-0.77,-1.42],"0.125":[2.69,-1.41,-2.62],"0.1667":[3.51,-1.85,-3.42],"0.2083":[3.8,-2,-3.7],"0.25":[2.46,-2.12,-2.03],"0.2917":[0.12,-2.33,0.9],"0.3333":[-0.88,-2.43,2.15],"0.375":[-0.71,-2.41,1.93],"0.4167":[-0.6,-2.4,1.8]}},"weapon":{"rotation":{"0.1667":[-5,0,0],"0.2083":[5.98,0,0],"0.25":[28.76,0,0],"0.2917":[45,0,0],"0.3333":[48.13,0,0],"0.375":[45.75,0,0],"0.4167":[45,0,0]}},"leftArm":{"rotation":{"0.0417":[0,0,0],"0.0833":[9.38,1.93,-4.17],"0.125":[17.34,3.56,-7.71],"0.1667":[22.65,4.66,-10.07],"0.2083":[24.52,5.04,-10.9],"0.25":[0.87,8.25,-12.38],"0.2917":[-40.54,13.86,-14.96],"0.3333":[-58.17,16.25,-16.06],"0.375":[-55.15,15.84,-15.87],"0.4167":[-53.28,15.58,-15.75]},"position":{"0.0417":[0,0,0],"0.0833":[0,-0.27,0.5],"0.125":[0,-0.49,0.92],"0.1667":[0,-0.65,1.2],"0.2083":[0,-0.7,1.3],"0.25":[0,-0.7,0.39],"0.2917":[0,-0.7,-1.21],"0.3333":[0,-0.7,-1.89],"0.375":[0,-0.7,-1.77],"0.4167":[0,-0.7,-1.7]}}}},"animation.sword_9.attack3_t":{"loop":"hold_on_last_frame","animation_length":0.41667,"bones":{"waist":{"rotation":{"0.0":[0,0,0],"0.0417":[0,10.71,0],"0.0833":[0,19.8,0],"0.125":[0,25.87,0],"0.1667":[0,28,0],"0.2083":[5.26,19.01,0],"0.25":[16.2,0.33,0],"0.2917":[24,-12.99,0],"0.3333":[25.5,-15.56,0],"0.375":[24.36,-13.62,0],"0.4167":[24,-13,0]}},"rightArm":{"rotation":{"0.0417":[2.98,-0.37,6.99],"0.0833":[-64.01,-7.86,-1.56],"0.125":[-120.81,-14.22,-8.81],"0.1667":[-158.75,-18.47,-13.65],"0.2083":[-172.08,-19.96,-15.35],"0.25":[-138.9,-12.95,-11.62],"0.2917":[-80.8,-0.69,-5.1],"0.3333":[-56.07,4.53,-2.32],"0.375":[-60.31,3.64,-2.8],"0.4167":[-62.92,3.09,-3.09]},"position":{"0.0417":[0,0,0],"0.0833":[0,0,0.69],"0.125":[0,0,1.27],"0.1667":[0,0,1.66],"0.2083":[0,0,1.8],"0.25":[0.52,-0.55,0.28],"0.2917":[1.42,-1.51,-2.38],"0.3333":[1.81,-1.91,-3.51],"0.375":[1.74,-1.84,-3.32],"0.4167":[1.7,-1.8,-3.2]}},"weapon":{"rotation":{"0.1667":[0,0,0],"0.2083":[6.04,0,0],"0.25":[18.57,0,0],"0.2917":[27.5,0,0],"0.3333":[29.22,0,0],"0.375":[27.91,0,0],"0.4167":[27.5,0,0]}},"leftArm":{"rotation":{"0.0417":[0,0,0],"0.0833":[-17.82,-2.79,-2.62],"0.125":[-32.92,-5.16,-4.85],"0.1667":[-43.02,-6.74,-6.34],"0.2083":[-46.56,-7.3,-6.86],"0.25":[-23.9,-4.38,-10.75],"0.2917":[15.79,0.74,-17.58],"0.3333":[32.68,2.91,-20.48],"0.375":[29.78,2.54,-19.99],"0.4167":[28,2.31,-19.68]},"position":{"0.0417":[0,0,0],"0.0833":[0,-0.27,-0.34],"0.125":[0,-0.49,-0.64],"0.1667":[0,-0.65,-0.83],"0.2083":[0,-0.7,-0.9],"0.25":[0,-0.7,-0.32],"0.2917":[0,-0.7,0.69],"0.3333":[0,-0.7,1.12],"0.375":[0,-0.7,1.05],"0.4167":[0,-0.7,1]}}}},"animation.sword_9.draw_t":{"loop":"hold_on_last_frame","animation_length":0.375,"bones":{"rightArm":{"rotation":{"0.0":[0,0,0],"0.0417":[0.51,-0.06,1.21],"0.0833":[1.74,-0.21,4.09],"0.125":[2.98,-0.37,6.99],"0.1667":[3.65,-0.45,8.56],"0.2083":[3.66,-0.45,8.6],"0.25":[3.35,-0.41,7.86],"0.2917":[3.08,-0.38,7.23],"0.3333":[2.99,-0.37,7.01],"0.375":[2.98,-0.37,6.99]}},"weapon":{"scale":{"0.0":[0,0,0],"0.0417":[0.3627,0.3627,0.3627],"0.0833":[1,1,1],"0.125":[1.25,1.25,1.25],"0.1667":[1.125,1.125,1.125],"0.2083":[1.0123,1.0123,1.0123],"0.25":[1,1,1]}}}},"animation.sword_9.hold1":{"loop":true,"bones":{"root":{"rotation":{"0.0":{"pre":[0,0,0],"post":[0,180,0]}}},"rightArm":{"rotation":[-70.30298,-4.90503,7.56077],"position":[0,-1,-4.7]}}},"animation.sword_9.hold2":{"loop":true,"bones":{"root":{"rotation":{"0.0":{"pre":[0,0,0],"post":[0,180,0]}}},"rightArm":{"rotation":[-70.30298,-4.90503,7.56077],"position":[0,-1,-4.7]}}},"animation.sword_9.hold3":{"loop":true,"bones":{"root":{"rotation":{"0.0":{"pre":[0,0,0],"post":[0,180,0]}}},"rightArm":{"rotation":[-70.30298,-4.90503,7.56077],"position":[0,-1,-4.7]}}},"animation.sword_9.attack1":{"loop":"hold_on_last_frame","animation_length":0.41667,"bones":{"root":{"rotation":{"0.0":{"pre":[0,0,0],"post":[0,180,0]}}},"waist":{"rotation":{"0.0":[0,0,0],"0.0417":[0,8.04,0],"0.0833":[0,14.85,0],"0.125":[0,19.4,0],"0.1667":[0,21,0],"0.2083":[1.1,14.63,0],"0.25":[3.38,1.42,0],"0.2917":[5,-8,0],"0.3333":[5.31,-9.81,0],"0.375":[5.08,-8.44,0],"0.4167":[5,-8,0]}},"rightArm":{"rotation":{"0.0417":[-70.3,-4.91,7.56],"0.0833":[-28.5,-6.83,11.79],"0.125":[6.94,-8.46,15.37],"0.1667":[30.61,-9.55,17.77],"0.2083":[38.93,-9.93,18.61],"0.25":[10.32,-4.4,13.97],"0.2917":[-39.76,5.28,5.84],"0.3333":[-61.06,9.39,2.39],"0.375":[-57.4,8.68,2.98],"0.4167":[-55.15,8.25,3.35]},"position":{"0.0417":[0,-1,-4.7],"0.0833":[0,-0.89,-2.33],"0.125":[0,-0.79,-0.32],"0.1667":[0,-0.72,1.03],"0.2083":[0,-0.7,1.5],"0.25":[0,-0.4,-0.2],"0.2917":[0,0.14,-3.18],"0.3333":[0,0.36,-4.45],"0.375":[0,0.32,-4.23],"0.4167":[0,0.3,-4.1]}},"weapon":{"rotation":{"0.1667":[0,0,0],"0.2083":[5.71,0,0],"0.25":[17.56,0,0],"0.2917":[26,0,0],"0.3333":[27.63,0,0],"0.375":[26.39,0,0],"0.4167":[26,0,0]}}}},"animation.sword_9.attack2":{"loop":"hold_on_last_frame","animation_length":0.41667,"bones":{"root":{"rotation":{"0.0":{"pre":[0,0,0],"post":[0,180,0]}}},"waist":{"rotation":{"0.0":[0,0,0],"0.0417":[0,-10.72,0],"0.0833":[0,-19.8,0],"0.125":[0,-25.87,0],"0.1667":[0,-28,0],"0.2083":[2.66,-20.12,1.04],"0.25":[8.19,-3.76,3.19],"0.2917":[12.13,7.9,4.73],"0.3333":[12.88,10.14,5.03],"0.375":[12.31,8.44,4.8],"0.4167":[12.13,7.9,4.73]}},"rightArm":{"rotation":{"0.0417":[-70.3,-4.91,7.56],"0.0833":[-90.73,-11.59,25.18],"0.125":[-108.05,-17.25,40.13],"0.1667":[-119.62,-21.04,50.11],