{"format_version":"1.8.0","animations":{"animation.sword_12.hold_t":{"loop":true,"bones":{"rightArm":{"rotation":[-22.50552,10.22448,1.12582],"position":[0,-0.3,0]},"weapon":{"rotation":[-37.5,0,0],"position":[0,2,-5]}}},"animation.sword_12.attack_t":{"loop":"hold_on_last_frame","animation_length":0.4167,"bones":{"waist":{"rotation":{"0.0":[0,0,0],"0.0417":[-3.75,3.43,-1.94],"0.0833":[-6.92,6.34,-3.58],"0.125":[-9.04,8.28,-4.68],"0.1667":[-9.79,8.97,-5.06],"0.2083":[-10.06,9.28,-5.18],"0.25":[-10.92,10.28,-5.54],"0.2917":[-9.79,8.97,-5.06],"0.3333":[-3.93,2.12,-2.58],"0.375":[4.31,-7.49,0.9],"0.4167":[8.28,-12.13,2.57]}},"rightArm":{"rotation":{"0.0417":[-22.51,10.22,1.13],"0.0833":[-79.35,5.08,-9.51],"0.125":[-127.53,0.72,-18.53],"0.1667":[-159.73,-2.19,-24.56],"0.2083":[-171.04,-3.21,-26.68],"0.25":[-173.49,-2.93,-26.97],"0.2917":[-177.49,-2.48,-27.44],"0.3333":[-154.25,-5.14,-24.68],"0.375":[-99.56,-11.4,-18.17],"0.4167":[-68.29,-14.99,-14.45]},"position":{"0.0417":[0,-0.3,0],"0.0833":[0,-0.3,0.54],"0.125":[0,-0.3,0.99],"0.1667":[0,-0.3,1.29],"0.2083":[0,-0.3,1.4],"0.25":[-0.01,-0.27,1.49],"0.2917":[-0.02,-0.22,1.63],"0.3333":[0.05,-0.51,0.81],"0.375":[0.21,-1.2,-1.1],"0.4167":[0.3,-1.6,-2.2]}},"weapon":{"rotation":{"0.0":[-37.5,0,0],"0.0417":[-5.36,0,0],"0.0833":[-9.9,0,0],"0.125":[-12.93,0,0],"0.1667":[-14,0,0],"0.2083":[-14.57,0,0],"0.25":[-16.37,0,0],"0.2917":[-14,0,0],"0.3333":[-1.67,0,0],"0.375":[15.65,0,0],"0.4167":[24,0,0]},"position":{"0.0":[-6,2,-5],"0.4167":[-6,2,-5]}},"leftArm":{"rotation":{"0.0417":[0,0,0],"0.0833":[-21.4,0.74,0.96],"0.125":[-39.55,1.36,1.77],"0.1667":[-51.67,1.78,2.32],"0.2083":[-55.93,1.93,2.51],"0.25":[-58.39,1.93,2.51],"0.2917":[-62.4,1.93,2.51],"0.3333":[-39.1,1.93,2.51],"0.375":[15.72,1.93,2.51],"0.4167":[47.07,1.93,2.51]},"position":{"0.0417":[0,0,0],"0.0833":[0,-0.19,-0.73],"0.125":[0,-0.35,-1.34],"0.1667":[0,-0.46,-1.76],"0.2083":[0,-0.5,-1.9],"0.25":[0,-0.5,-1.99],"0.2917":[0,-0.5,-2.13],"0.3333":[0,-0.5,-1.31],"0.375":[0,-0.5,0.6],"0.4167":[0,-0.5,1.7]}}}},"animation.sword_12.pre_shoot_t":{"loop":"hold_on_last_frame","animation_length":0.625,"bones":{"waist":{"rotation":{"0.0":[0,0,0],"0.0417":[0.03,-0.05,0.03],"0.0833":[0.2,-0.35,0.22],"0.125":[0.46,-0.81,0.51],"0.1667":[0.53,-0.93,0.58],"0.2083":[0,0,0],"0.25":[-1.37,2.42,-1.52],"0.2917":[-3.49,6.16,-3.87],"0.3333":[-5.85,10.31,-6.48],"0.375":[-7.7,13.57,-8.53],"0.4167":[-8.4,14.81,-9.31]}},"rightArm":{"rotation":{"0.0417":[-22.51,10.22,1.13],"0.0833":[-29.58,10.46,-0.74],"0.125":[-49.64,11.12,-6.03],"0.1667":[-79.38,12.1,-13.88],"0.2083":[-114.13,13.24,-23.05],"0.25":[-148.81,14.38,-32.2],"0.2917":[-178.94,15.38,-40.15],"0.3333":[-201.53,16.12,-46.1],"0.375":[-215.41,16.58,-49.77],"0.4167":[-221.29,16.77,-51.32],"0.4583":[-221.24,16.77,-51.31],"0.5":[-217.97,16.66,-50.44],"0.5417":[-214.01,16.53,-49.4],"0.5833":[-211.09,16.44,-48.63],"0.625":[-209.55,16.39,-48.22]},"position":{"0.0417":[0,-0.3,0],"0.0833":[-0.01,-0.26,0.04],"0.125":[-0.04,-0.15,0.16],"0.1667":[-0.09,-0.02,0.33],"0.2083":[-0.15,0.07,0.54],"0.25":[-0.2,0.04,0.74],"0.2917":[-0.25,-0.09,0.92],"0.3333":[-0.29,-0.24,1.05],"0.375":[-0.31,-0.3,1.13],"0.4167":[-0.32,-0.23,1.17],"0.4583":[-0.32,-0.03,1.17],"0.5":[-0.31,0.22,1.15],"0.5417":[-0.31,0.47,1.13],"0.5833":[-0.3,0.64,1.11],"0.625":[-0.3,0.63,1.1]}},"weapon":{"rotation":{"0.0":[-37.5,0,0],"0.0417":[-0.01,0.02,0.03],"0.0833":[-0.04,0.14,0.22],"0.125":[-0.1,0.37,0.59],"0.1667":[-0.16,0.58,0.92],"0.2083":[-0.15,0.55,0.86],"0.25":[0,0,0],"0.2917":[0.33,-1.21,-1.91],"0.3333":[0.82,-3.04,-4.8],"0.375":[1.41,-5.21,-8.24],"0.4167":[1.97,-7.3,-11.54],"0.4583":[2.38,-8.8,-13.92],"0.5":[2.53,-9.35,-14.79],"0.625":[2.53,-9.35,-14.79]},"position":{"0.0":[-6,2,-5],"0.625":[-6,2,-5]}},"leftArm":{"rotation":{"0.0833":[0,0,0],"0.125":[-6.24,0.58,1.64],"0.1667":[-22.68,2.11,5.95],"0.2083":[-43.58,4.06,11.42],"0.25":[-62.39,5.81,16.35],"0.2917":[-74.6,6.95,19.55],"0.3333":[-79.28,7.39,20.78],"0.375":[-78.7,7.33,20.63],"0.4167":[-76.38,7.12,20.02],"0.4583":[-74.87,6.98,19.62],"0.5":[-74.6,6.95,19.55]},"position":{"0.0833":[0,0,0],"0.125":[0,-0.08,-0.26],"0.1667":[0,-0.3,-0.94],"0.2083":[0,-0.58,-1.81],"0.25":[0,-0.84,-2.59],"0.2917":[0,-1,-3.1],"0.3333":[0,-1.06,-3.29],"0.375":[0,-1.05,-3.27],"0.4167":[0,-1.02,-3.17],"0.4583":[0,-1,-3.11],"0.5":[0,-1,-3.1]}}}},"animation.sword_12.hold_shoot_t":{"loop":true,"bones":{"waist":{"rotation":[-8.4,"14.81+math.sin(300+q.anim_time*360)*2",-9.31]},"rightArm":{"rotation":["-209.55+math.sin(q.anim_time*360)*5","16.39-math.cos(70+q.anim_time*360)*5",-48.22],"position":[-0.3,"0.63+math.sin(q.anim_time*360)*0.2",1.1]},"weapon":{"rotation":[2.53,-9.35,-14.79],"position":[-6,2,-5]},"leftArm":{"rotation":[-74.6,"6.95+math.cos(60+q.anim_time*360)*5","19.55-math.sin(300+q.anim_time*360)*5"],"position":[0,"-1+math.sin(10+q.anim_time*360)*0.2",-3.1]}}},"animation.sword_12.shoot_t":{"loop":"hold_on_last_frame","animation_length":0.3333,"bones":{"waist":{"rotation":{"0.0":[-8.4,14.81,-9.31],"0.0417":[-1.06,5.95,-8.7],"0.0833":[14.19,-12.44,-7.43],"0.125":[25.06,-25.55,-6.52],"0.1667":[27.15,-28.07,-6.35],"0.2083":[25.56,-26.16,-6.48],"0.25":[25.06,-25.55,-6.52]}},"rightArm":{"rotation":{"0.0417":[-209.55,16.39,-48.22],"0.0833":[-190.25,19.11,-41.91],"0.125":[-145.98,25.35,-27.44],"0.1667":[-105.12,31.11,-14.08],"0.2083":[-86.39,33.76,-7.96],"0.25":[-86.74,33.71,-8.07],"0.2917":[-91.53,33.03,-9.64],"0.3333":[-92.69,32.87,-10.02]},"position":{"0.0417":[-0.3,0.63,1.1],"0.0833":[-0.3,0.56,0.36],"0.125":[-0.3,0.4,-1.35],"0.1667":[-0.3,0.25,-2.92],"0.2083":[-0.3,0.18,-3.64],"0.25":[-0.3,0.18,-3.63],"0.2917":[-0.3,0.2,-3.44],"0.3333":[-0.3,0.2,-3.4]}},"weapon":{"rotation":{"0.0":[2.53,-9.35,-14.79],"0.0417":[9.07,-9.35,-14.79],"0.0833":[25.09,-9.35,-14.79],"0.125":[42.31,-9.35,-14.79],"0.1667":[53.53,-9.35,-14.79],"0.2083":[56.87,-9.35,-14.79],"0.25":[55.55,-9.35,-14.79],"0.2917":[53.88,-9.35,-14.79],"0.3333":[53.53,-9.35,-14.79]},"position":[-6,2,-5]},"leftArm":{"rotation":{"0.0833":[-74.6,6.95,19.55],"0.125":[-66,-10.19,7.48],"0.1667":[-48.15,-45.77,-17.57],"0.2083":[-35.42,-71.13,-35.42],"0.25":[-32.98,-76.01,-38.86],"0.2917":[-34.84,-72.3,-36.25],"0.3333":[-35.42,-71.13,-35.42]},"position":{"0.0833":[0,-1,-3.1],"0.125":[0,-1,-2.2],"0.1667":[0,-1,-0.33],"0.2083":[0,-1,1],"0.25":[0,-1,1.26],"0.2917":[0,-1,1.06],"0.3333":[0,-1,1]}}}},"animation.sword_12.draw_t":{"loop":"hold_on_last_frame","animation_length":0.35,"bones":{"rightArm":{"rotation":{"0.0":[0,0,0],"0.0417":[0.15,-0.07,-0.01],"0.0833":[0.89,-0.41,-0.04],"0.125":[1.48,-0.67,-0.07],"0.1667":[0,0,0],"0.2083":[-4.95,2.25,0.25],"0.25":[-12.55,5.7,0.63],"0.2917":[-19.62,8.91,0.98],"0.3333":[-22.51,10.22,1.13]},"position":{"0.0":[0,0,0],"0.0417":[0,0.01,0],"0.0833":[0,0.02,0],"0.125":[0,-0.05,0],"0.1667":[0,-0.21,0],"0.2083":[0,-0.3,0]}},"weapon":{"position":[-6,2,-5],"scale":{"0.0833":[0,0,0],"0.125":[0.4111,0.4111,0.4111],"0.1667":[1.0332,1.0332,1.0332],"0.2083":[1.1565,1.1565,1.1565],"0.25":[1.0293,1.0293,1.0293],"0.2917":[1,1,1]}}}},"animation.sword_12.hold":{"loop":true,"bones":{"root":{"rotation":[0,180,0]},"rightArm":{"rotation":[-80.25538,3.30076,-0.85486],"position":[-0.8,-1.9,-5.9]},"weapon":{"rotation":[15.59987,8.64351,-16.38682],"position":[-6,2,-5]}}},"animation.sword_12.pre_shoot":{"loop":"hold_on_last_frame","animation_length":0.5,"bones":{"root":{"rotation":[0,180,0]},"waist":{"rotation":{"0.0":[0,0,0],"0.0417":[0.03,-0.05,0.03],"0.0833":[0.2,-0.35,0.22],"0.125":[0.46,-0.81,0.51],"0.1667":[0.53,-0.93,0.58],"0.2083":[0,0,0],"0.25":[-1.37,2.42,-1.52],"0.2917":[-3.49,6.16,-3.87],"0.3333":[-5.85,10.31,-6.48],"0.375":[-7.7,13.57,-8.53],"0.4167":[-8.4,14.81,-9.31]}},"rightArm":{"rotation":{"0.0417":[-80.26,3.3,-0.85],"0.0833":[-85.15,3.8,-2.65],"0.125":[-99.01,5.2,-7.73],"0.1667":[-119.57,7.28,-15.26],"0.2083":[-143.59,9.71,-24.06],"0.25":[-167.56,12.14,-32.84],"0.2917":[-188.39,14.24,-40.47],"0.3333":[-204,15.82,-46.19],"0.375":[-213.6,16.8,-49.7],