{"format_version":"1.8.0","animations":{"animation.yeti.walk":{"loop":true,"animation_length":1.2917,"bones":{"root":{"rotation":{"0.0":[0,0,0],"1.2917":[0,0,0]},"position":{"0.0":[0,0,0],"0.2917":[0,-0.575,0],"0.4583":[0,0.085,0],"0.625":[0,0,0],"0.9583":[0,-0.75,0],"1.125":[0,0.12,0],"1.2917":[0,0,0]}},"bone7":{"rotation":{"0.0":{"post":[0,0,0],"lerp_mode":"catmullrom"},"0.2917":{"post":[17.13518,-0.22467,1.94823],"lerp_mode":"catmullrom"},"0.6667":{"post":[-21.38883,-1.33098,-3.98472],"lerp_mode":"catmullrom"},"1.0833":{"post":[17.5,0,0],"lerp_mode":"catmullrom"},"1.2917":{"post":[0,0,0],"lerp_mode":"catmullrom"}}},"bone17":{"rotation":{"0.0":{"post":[0,0,0],"lerp_mode":"catmullrom"},"0.3333":{"post":[16.09094,-0.8843,3.94532],"lerp_mode":"catmullrom"},"0.6667":{"post":[1.54084,-0.38071,0.35383],"lerp_mode":"catmullrom"},"1.0":{"post":[27.48606,0.06816,-0.51823],"lerp_mode":"catmullrom"},"1.2917":{"post":[0,0,0],"lerp_mode":"catmullrom"}}},"leg3":{"rotation":{"0.0":[0,0,0],"0.625":[52.25643,-7.88913,5.90067],"1.1667":[-9.12944,-0.10419,-2.01042],"1.2917":[0,0,0]},"position":{"0.0":[0,0,0],"0.0417":[0,0.775,0],"0.0833":[0,0,0],"0.625":[0,0,0],"0.7917":[0,2.76,0],"0.9167":[0,3.825,0],"1.1667":[0,3.465,0],"1.2917":[0,0,0]}},"leg4":{"rotation":{"0.0":[51.8465,9.84181,-4.86251],"0.5":[-16.58694,-1.03871,3.53548],"0.625":[0,0,0],"1.2917":[51.8465,9.84181,-4.86251]},"position":{"0.0":[0,0,0],"0.125":[0,3.125,0],"0.2917":[0,5.835,0],"0.5":[0,3.2,0],"0.625":[0,0,0],"0.6667":[0,0.785,0],"0.7083":[0,0.115,0],"1.2917":[0,0,0]}},"torse":{"rotation":{"0.0":{"post":[0,-2,0],"lerp_mode":"catmullrom"},"0.5":{"post":[2.5,10.5,0],"lerp_mode":"catmullrom"},"1.0":{"post":[-2.5,-3,0],"lerp_mode":"catmullrom"},"1.2917":{"post":[0,-2,0],"lerp_mode":"catmullrom"}},"position":{"0.0":[0,0,0],"0.3333":[0,2.025,0],"0.6667":[0,0,0],"1.0":[0,2.025,0],"1.2917":[0,0,0]}},"arm4":{"rotation":{"0.0":{"post":[-32.5,0,0],"lerp_mode":"catmullrom"},"0.6667":{"post":[50,0,0],"lerp_mode":"catmullrom"},"1.2917":{"post":[-32.5,0,0],"lerp_mode":"catmullrom"}},"position":{"0.0":{"post":[0,1.04,1.125],"lerp_mode":"catmullrom"},"0.6667":{"post":[0,-2.875,0],"lerp_mode":"catmullrom"},"1.2917":{"post":[0,1.04,1.125],"lerp_mode":"catmullrom"}}},"bone6":{"rotation":{"0.0":{"post":[0,0,0],"lerp_mode":"catmullrom"},"0.2917":{"post":[-22.40663,-18.06669,-0.75835],"lerp_mode":"catmullrom"},"0.9583":{"post":[5.25,0,0],"lerp_mode":"catmullrom"},"1.2917":{"post":[0,0,0],"lerp_mode":"catmullrom"}}},"arm3":{"rotation":{"0.0":{"post":[32.5,0,0],"lerp_mode":"catmullrom"},"0.5833":{"post":[-55.98066,37.34081,-18.82215],"lerp_mode":"catmullrom"},"0.9583":{"post":[-7.82215,16.48958,4.66309],"lerp_mode":"catmullrom"},"1.2917":{"post":[32.5,0,0],"lerp_mode":"catmullrom"}},"position":{"0.0":{"post":[0,0,0],"lerp_mode":"catmullrom"},"0.5833":{"post":[0,1.6,3.8],"lerp_mode":"catmullrom"},"1.2917":{"post":[0,0,0],"lerp_mode":"catmullrom"}}},"bone":{"rotation":{"0.0":{"post":[22.5,0,0],"lerp_mode":"catmullrom"},"0.2083":{"post":[19.91031,-2.40448,8.78179],"lerp_mode":"catmullrom"},"0.5833":{"post":[-10,0,0],"lerp_mode":"catmullrom"},"0.9583":{"post":[-20.17101,-5.31893,-10.62705],"lerp_mode":"catmullrom"},"1.2917":{"post":[22.5,0,0],"lerp_mode":"catmullrom"}}},"skull":{"rotation":{"0.0":{"post":[0,2,0],"lerp_mode":"catmullrom"},"0.25":{"post":[-5.00634,-5.4851,-0.79598],"lerp_mode":"catmullrom"},"0.5417":{"post":[4.05934,-8.10558,-0.72715],"lerp_mode":"catmullrom"},"1.0":{"post":[-9.51569,2.93824,-0.61745],"lerp_mode":"catmullrom"},"1.2917":{"post":[0,2,0],"lerp_mode":"catmullrom"}}},"jaw":{"rotation":{"0.0":{"post":[0,0,0],"lerp_mode":"catmullrom"},"1.2917":{"post":[0,0,0],"lerp_mode":"catmullrom"}}},"bone3":{"rotation":{"0.0":[0,0,0],"0.2917":[-23.93059,-2.05065,-3.50641],"0.625":[-12.28594,-0.76477,-2.09668],"0.9167":[51.79285,-1.03109,8.17953],"1.2917":[0,0,0]}},"bone5":{"rotation":{"0.0":[-16.24275,0.40349,2.82697],"0.125":[39.96214,1.41249,-5.25185],"0.2917":[26.37175,1.62912,-3.1934],"0.5":[0,0,0],"0.625":[0,0,0],"0.9583":[-28.08251,1.4794,4.30982],"1.0833":[-27.08961,1.33513,4.2424],"1.2917":[-16.24275,0.40349,2.82697]}}}},"animation.yeti.idle":{"loop":true,"animation_length":3,"bones":{"root":{"position":{"0.0":{"post":[0,0,0],"lerp_mode":"catmullrom"},"1.375":{"post":[0,-1,0],"lerp_mode":"catmullrom"},"3.0":{"post":[0,0,0],"lerp_mode":"catmullrom"}}},"leg3":{"rotation":{"0.0":{"post":[0,0,0],"lerp_mode":"catmullrom"},"1.375":{"post":[2.5,0,0],"lerp_mode":"catmullrom"},"3.0":{"post":[0,0,0],"lerp_mode":"catmullrom"}},"position":[0,0,0]},"bone3":{"rotation":{"0.0":{"post":[0,0,0],"lerp_mode":"catmullrom"},"1.375":{"post":[-5,0,0],"lerp_mode":"catmullrom"},"3.0":{"post":[0,0,0],"lerp_mode":"catmullrom"}}},"leg4":{"rotation":{"0.0":{"post":[0,0,0],"lerp_mode":"catmullrom"},"1.375":{"post":[2.5,0,0],"lerp_mode":"catmullrom"},"3.0":{"post":[0,0,0],"lerp_mode":"catmullrom"}}},"bone5":{"rotation":{"0.0":{"post":[0,0,0],"lerp_mode":"catmullrom"},"1.375":{"post":[-5,0,0],"lerp_mode":"catmullrom"},"3.0":{"post":[0,0,0],"lerp_mode":"catmullrom"}}},"torse":{"position":{"0.0":{"post":[0,0,0],"lerp_mode":"catmullrom"},"1.375":{"post":[0,-0.8,0],"lerp_mode":"catmullrom"},"3.0":{"post":[0,0,0],"lerp_mode":"catmullrom"}}},"arm4":{"rotation":{"0.0":{"post":[0,0,0],"lerp_mode":"catmullrom"},"1.5":{"post":[0,0,7.5],"lerp_mode":"catmullrom"},"3.0":{"post":[0,0,0],"lerp_mode":"catmullrom"}}},"bone12":{"rotation":{"0.0":{"post":[0,0,0],"lerp_mode":"catmullrom"},"1.2917":{"post":[0,0,-12.5],"lerp_mode":"catmullrom"},"3.0":{"post":[0,0,0],"lerp_mode":"catmullrom"}}},"bone13":{"rotation":{"0.0":{"post":[0,0,0],"lerp_mode":"catmullrom"},"1.375":{"post":[7.09999,-21.40584,-18.84359],"lerp_mode":"catmullrom"},"3.0":{"post":[0,0,0],"lerp_mode":"catmullrom"}}},"bone14":{"rotation":{"0.0":{"post":[0,0,0],"lerp_mode":"catmullrom"},"1.375":{"post":[7.09999,-21.40584,-18.84359],"lerp_mode":"catmullrom"},"3.0":{"post":[0,0,0],"lerp_mode":"catmullrom"}}},"bone15":{"rotation":{"0.0":{"post":[0,0,0],"lerp_mode":"catmullrom"},"1.375":{"post":[7.09999,-21.40584,-18.84359],"lerp_mode":"catmullrom"},"3.0":{"post":[0,0,0],"lerp_mode":"catmullrom"}}},"bone16":{"rotation":{"0.0":{"post":[0,0,0],"lerp_mode":"catmullrom"},"1.375":{"post":[7.09999,-21.40584,-18.84359],"lerp_mode":"catmullrom"},"3.0":{"post":[0,0,0],"lerp_mode":"catmullrom"}}},"arm3":{"rotation":{"0.0":{"post":[0,0,0],"lerp_mode":"catmullrom"},"1.5":{"post":[0,0,-7.5],"lerp_mode":"catmullrom"},"3.0":{"post":[0,0,0],"lerp_mode":"catmullrom"}}},"bone2":{"rotation":{"0.0":{"post":[0,0,0],"lerp_mode":"catmullrom"},"1.2917":{"post":[0,0,12.5],"lerp_mode":"catmullrom"},"3.0":{"post":[0,0,0],"lerp_mode":"catmullrom"}}},"bone8":{"rotation":{"0.0":{"post":[0,0,0],"lerp_mode":"catmullrom"},"1.375":{"post":[7.09999,21.40584,18.84359],"lerp_mode":"catmullrom"},"3.0":{"post":[0,0,0],"lerp_mode":"catmullrom"}}},"bone9":{"rotation":{"0.0":{"post":[0,0,0],"lerp_mode":"catmullrom"},"1.375":{"post":[7.09999,21.40584,18.84359],"lerp_mode":"catmullrom"},"3.0":{"post":[0,0,0],"lerp_mode":"catmullrom"}}},"bone10":{"rotation":{"0.0":{"post":[0,0,0],"lerp_mode":"catmullrom"},"1.375":{"post":[7.09999,21.40584,18.84359],"lerp_mode":"catmullrom"},"3.0":{"post":[0,0,0],"lerp_mode":"catmullrom"}}},"bone11":{"rotation":{"0.0":{"post":[0,0,0],"lerp_mode":"catmullrom"},"1.375":{"post":[7.09999,21.40584,18.84359],"lerp_mode":"catmullrom"},"3.0":{"post":[0,0,0],"lerp_mode":"catmullrom"}}},"skull":{"rotation":{"0.0":{"post":[0,0,0],"lerp_mode":"catmullrom"},"1.375":{"post":[5,0,0],"lerp_mode":"catmullrom"},"3.0":{"post":[0,0,0],"lerp_mode":"catmullrom"}}},"jaw":{"rotation":{"0.0":{"post":[0,0,0],"lerp_mode":"catmullrom"},"1.2917":{"post":[25,0,0],"lerp_mode":"catmullrom"},"3.0":{"post":[0,0,0],"lerp_mode":"catmullrom"}}}}},"animation.yeti.attack":{"loop":"hold_on_last_frame","animation_length":1.5417,"bones":{"root":{"position":{"0.0":[0,0,0],"0.1667":[0,-0.1,0],"0.4583":[0,-0.37,0],"0.7083":[0,-0.62,0],"0.75":[0,-1.05,0],